declare @uchiver int
declare @udcount int;

BEGIN
	-- SET NOCOUNT ON added to prevent extra result sets from
	-- interfering with SELECT statements.
	SET NOCOUNT ON;

    -- Insert statements for procedure here
	set @uchiver = -1
	select @uchiver = vers from vtbl where type=1001 AND objname='DBUchiwake'

	----------------
	--	ver1->2
	----------------
	if( @uchiver = 1 ) begin
		-- uc_inf_ver
		DELETE uc_inf_ver WHERE Seq=1
		DELETE uc_inf_ver WHERE Seq=2
		INSERT INTO uc_inf_ver(Seq,Version) VALUES (1, 2);
		INSERT INTO uc_inf_ver(Seq,Version) VALUES (2, 2);

		-- uc_lst_item_sort
		DELETE uc_lst_item_sort WHERE FormSeq=12 AND ItemSeq=3
		INSERT INTO uc_lst_item_sort(FormSeq,ItemSeq,ItemName,FgPage,FgSykei,FgItem,OrderStr,FieldSykei,FieldSykei2)
		VALUES (12, 3, '所得の種類', 0, 1, 0, 'KnOrder ASC', 'KnOrder', NULL);

		-- vtbl
		DELETE vtbl WHERE type=1001 AND objname='DBUchiwake'
		INSERT INTO vtbl (type, objname, vers)
		VALUES (1001, 'DBUchiwake', 2)

		set @uchiver = 2
	end

END
GO

BEGIN
	SET NOCOUNT ON;

    -- Insert statements for procedure here
	set @uchiver = -1
	select @uchiver = vers from vtbl where type=1001 AND objname='DBUchiwake'

	----------------
	--	ver2->3 (2/2)
	----------------
	if( @uchiver = 2 ) begin
		-- uc_inf_ver
		DELETE uc_inf_ver WHERE Seq=1
		INSERT INTO uc_inf_ver(Seq,Version) VALUES (1, 3);

		-- uc_inf_main (Table update)
		UPDATE uc_inf_main SET OutCoName=1;

		-- vtbl
		DELETE vtbl WHERE type=1001 AND objname='DBUchiwake'
		INSERT INTO vtbl (type, objname, vers)
		VALUES (1001, 'DBUchiwake', 3)

		set @uchiver = 3
	end
END
GO

BEGIN
	SET NOCOUNT ON;

    -- Insert statements for procedure here
	set @uchiver = -1
	select @uchiver = vers from vtbl where type=1001 AND objname='DBUchiwake'

	----------------
	--	ver3->4
	----------------
	if( @uchiver = 3 ) begin
		-- uc_inf_ver
		DELETE uc_inf_ver WHERE Seq=1
		INSERT INTO uc_inf_ver(Seq,Version) VALUES (1, 4);

		-- uc_inf_sub (Table update)
		UPDATE uc_inf_sub SET TitleOrg='源泉所得税預り金の内訳' WHERE FormSeq=12;
		UPDATE uc_inf_sub SET TitleOrgTujo='源泉所得税預り金の内訳' WHERE FormSeq=12;

		-- vtbl
		DELETE vtbl WHERE type=1001 AND objname='DBUchiwake'
		INSERT INTO vtbl (type, objname, vers)
		VALUES (1001, 'DBUchiwake', 4)

		set @uchiver = 4
	end
END
GO

BEGIN
	SET NOCOUNT ON;

    -- Insert statements for procedure here
	set @uchiver = -1
	select @uchiver = vers from vtbl where type=1001 AND objname='DBUchiwake'

	----------------
	--	ver4->5
	----------------
	if( @uchiver = 4 ) begin
		-- uc_inf_ver
		DELETE uc_inf_ver WHERE Seq=1
		INSERT INTO uc_inf_ver(Seq,Version) VALUES (1, 5);
	end
END
GO

BEGIN
		SET NOCOUNT ON;

  		-- Insert statements for procedure here
		set @uchiver = -1
		select @uchiver = vers from vtbl where type=1001 AND objname='DBUchiwake'

		if( @uchiver = 4 ) begin

		-- 各様式に初期値セット
		UPDATE uc_011_yotyokin set ShowKeiZero = 0 where ShowKeiZero is null
		UPDATE uc_021_uketoritegata set ShowKeiZero = 0 where ShowKeiZero is null
		UPDATE uc_031_urikakekin set ShowKeiZero = 0 where ShowKeiZero is null
		UPDATE uc_041_karibarai set ShowKeiZero = 0 where ShowKeiZero is null
		UPDATE uc_042_kasituke set ShowKeiZero = 0 where ShowKeiZero is null
		UPDATE uc_051_tanaoroshi set ShowKeiZero = 0 where ShowKeiZero is null
		UPDATE uc_052_tanaoroshi2 set ShowKeiZero = 0 where ShowKeiZero is null
		UPDATE uc_061_yuukasyouken set ShowKeiZero = 0 where ShowKeiZero is null
		UPDATE uc_071_koteishisan set ShowKeiZero = 0 where ShowKeiZero is null
		UPDATE uc_081_siharaitegata set ShowKeiZero = 0 where ShowKeiZero is null
		UPDATE uc_091_kaikakekin set ShowKeiZero = 0 where ShowKeiZero is null
		UPDATE uc_092_kaikakekin2 set ShowKeiZero = 0 where ShowKeiZero is null
		UPDATE uc_101_kariukekin set ShowKeiZero = 0 where ShowKeiZero is null
		UPDATE uc_102_gensen set ShowKeiZero = 0 where ShowKeiZero is null
		UPDATE uc_111_kariirekin set ShowKeiZero = 0 where ShowKeiZero is null
		UPDATE uc_121_totiuriage set ShowKeiZero = 0 where ShowKeiZero is null
		UPDATE uc_131_uriagedaka set ShowKeiZero = 0 where ShowKeiZero is null
		UPDATE uc_141_yakuin set ShowKeiZero = 0 where ShowKeiZero is null
		UPDATE uc_142_jinkenhi set ShowKeiZero = 0 where ShowKeiZero is null
		UPDATE uc_151_tidaiyatin set ShowKeiZero = 0 where ShowKeiZero is null
		UPDATE uc_152_kenrikin set ShowKeiZero = 0 where ShowKeiZero is null
		UPDATE uc_153_kougyou set ShowKeiZero = 0 where ShowKeiZero is null
		UPDATE uc_161_zatueki set ShowKeiZero = 0 where ShowKeiZero is null
		UPDATE uc_162_zatuson set ShowKeiZero = 0 where ShowKeiZero is null
		UPDATE uc_171_sonota1 set ShowKeiZero = 0 where ShowKeiZero is null
		UPDATE uc_181_sonota2 set ShowKeiZero = 0 where ShowKeiZero is null

		-- 欄外登録の出力形式に初期値セット
		UPDATE uc_052_tanaoroshi2 set OutRangai = 0 where OutRangai is null
		UPDATE uc_092_kaikakekin2 set OutRangai = 0 where OutRangai is null

		-- vtbl
		DELETE vtbl WHERE type=1001 AND objname='DBUchiwake'
		INSERT INTO vtbl (type, objname, vers)
		VALUES (1001, 'DBUchiwake', 5)

		set @uchiver = 5
	end
END
GO

BEGIN
	SET NOCOUNT ON;
	-- 各様式に初期値セット
	UPDATE uc_092_kaikakekin2 set ShowKeiZero = 0 where ShowKeiZero is null
END
GO

BEGIN
	SET NOCOUNT ON;

    -- Insert statements for procedure here
	set @uchiver = -1
	select @uchiver = vers from vtbl where type=1001 AND objname='DBUchiwake'

	----------------
	--	ver5->6(1/2)
	----------------
	if( @uchiver = 5 ) begin
		-- uc_inf_ver
		DELETE uc_inf_ver WHERE Seq=1
		INSERT INTO uc_inf_ver(Seq,Version) VALUES (1, 6);
	end
END
GO

BEGIN
		SET NOCOUNT ON;

		----------------
		--	ver5->6(2/2)
		----------------

  		-- Insert statements for procedure here
		set @uchiver = -1
		select @uchiver = vers from vtbl where type=1001 AND objname='DBUchiwake'

		if( @uchiver = 5 ) begin

		-- uc_021_uketoritegata 値セット
		UPDATE uc_021_uketoritegata set KnSeq = 0
		UPDATE uc_021_uketoritegata set KnOrder = 0
		-- *KnNameは初期値NULLでOK

		-- 汎用変数と汎用定数の追加。今後様式毎に異なる値を持つものはここに入力する。
		-- GeneralConstVal D0 : 金融機関を一段表示するか？の制御
		-- GeneralVar D0 : 上記のチェック状態
		-- uc_inf_sub (Table update)
		UPDATE uc_inf_sub set GeneralConstVal = 1, GeneralVar = 0 where FormSeq = 1
		UPDATE uc_inf_sub set GeneralConstVal = 1, GeneralVar = 0 where FormSeq = 2
		UPDATE uc_inf_sub set GeneralConstVal = 0, GeneralVar = 0 where FormSeq = 3
		UPDATE uc_inf_sub set GeneralConstVal = 0, GeneralVar = 0 where FormSeq = 4
		UPDATE uc_inf_sub set GeneralConstVal = 0, GeneralVar = 0 where FormSeq = 5
		UPDATE uc_inf_sub set GeneralConstVal = 0, GeneralVar = 0 where FormSeq = 6
		UPDATE uc_inf_sub set GeneralConstVal = 0, GeneralVar = 0 where FormSeq = 7
		UPDATE uc_inf_sub set GeneralConstVal = 0, GeneralVar = 0 where FormSeq = 8
		UPDATE uc_inf_sub set GeneralConstVal = 1, GeneralVar = 0 where FormSeq = 9
		UPDATE uc_inf_sub set GeneralConstVal = 0, GeneralVar = 0 where FormSeq = 10
		UPDATE uc_inf_sub set GeneralConstVal = 0, GeneralVar = 0 where FormSeq = 11
		UPDATE uc_inf_sub set GeneralConstVal = 0, GeneralVar = 0 where FormSeq = 12
		UPDATE uc_inf_sub set GeneralConstVal = 0, GeneralVar = 0 where FormSeq = 13
		UPDATE uc_inf_sub set GeneralConstVal = 0, GeneralVar = 0 where FormSeq = 14
		UPDATE uc_inf_sub set GeneralConstVal = 0, GeneralVar = 0 where FormSeq = 15
		UPDATE uc_inf_sub set GeneralConstVal = 0, GeneralVar = 0 where FormSeq = 16
		UPDATE uc_inf_sub set GeneralConstVal = 0, GeneralVar = 0 where FormSeq = 17
		UPDATE uc_inf_sub set GeneralConstVal = 0, GeneralVar = 0 where FormSeq = 18
		UPDATE uc_inf_sub set GeneralConstVal = 0, GeneralVar = 0 where FormSeq = 19
		UPDATE uc_inf_sub set GeneralConstVal = 0, GeneralVar = 0 where FormSeq = 20
		UPDATE uc_inf_sub set GeneralConstVal = 0, GeneralVar = 0 where FormSeq = 21
		UPDATE uc_inf_sub set GeneralConstVal = 0, GeneralVar = 0 where FormSeq = 22
		UPDATE uc_inf_sub set GeneralConstVal = 0, GeneralVar = 0 where FormSeq = 101
		UPDATE uc_inf_sub set GeneralConstVal = 0, GeneralVar = 0 where FormSeq = 102
		UPDATE uc_inf_sub set GeneralConstVal = 0, GeneralVar = 0 where FormSeq = 103
		UPDATE uc_inf_sub set GeneralConstVal = 0, GeneralVar = 0 where FormSeq = 104
		UPDATE uc_inf_sub set GeneralConstVal = 0, GeneralVar = 0 where FormSeq = 105
		UPDATE uc_inf_sub set GeneralConstVal = 0, GeneralVar = 0 where FormSeq = 201
		UPDATE uc_inf_sub set GeneralConstVal = 0, GeneralVar = 0 where FormSeq = 202
		UPDATE uc_inf_sub set GeneralConstVal = 0, GeneralVar = 0 where FormSeq = 203
		UPDATE uc_inf_sub set GeneralConstVal = 0, GeneralVar = 0 where FormSeq = 204
		UPDATE uc_inf_sub set GeneralConstVal = 0, GeneralVar = 0 where FormSeq = 205

		-- vtbl
		DELETE vtbl WHERE type=1001 AND objname='DBUchiwake'
		INSERT INTO vtbl (type, objname, vers)
		VALUES (1001, 'DBUchiwake', 6)

		set @uchiver = 6
		end
END
GO

BEGIN
		----------------
		--	ver6->7(1/2)
		----------------

		SET NOCOUNT ON;

  		-- Insert statements for procedure here
		set @uchiver = -1
		select @uchiver = vers from vtbl where type=1001 AND objname='DBUchiwake'

		if( @uchiver = 6 ) begin
		
			-- uc_inf_ver
			DELETE uc_inf_ver WHERE Seq=1
			DELETE uc_inf_ver WHERE Seq=2
			INSERT INTO uc_inf_ver(Seq,Version) VALUES (1, 7);
			INSERT INTO uc_inf_ver(Seq,Version) VALUES (2, 2);
			
			-- uc_inf_sub 受取手形の内訳書の「科目名を入りタイトルで印刷する」ON
			UPDATE uc_inf_sub SET OpTitleKnFg = 1 WHERE FormSeq = 2

			-- 			  「科目行を印刷する」のEnable設定値
			UPDATE uc_inf_sub SET GeneralConstVal = 3 WHERE FormSeq = 2
			UPDATE uc_inf_sub SET GeneralConstVal = 2 WHERE FormSeq = 13
			
			-- uc_inf_sub_omit 役員報酬手当及び人件費の内訳書の省略文字設定に住所を追加
			set @udcount = 0;
			SELECT @udcount = count(FormSeq) FROM uc_inf_sub_omit WHERE FormSeq = 16 AND ItemSeq = 4
			IF(@udcount = 0)
				INSERT INTO uc_inf_sub_omit(FormSeq,ItemSeq,ItemName,Omit,OmitStr,OmitMaxLen) VALUES( 16, 4, '住所', 0, '〃', 8 )

			-- uc_ren_main 科目残高を選択可能
			UPDATE uc_ren_main SET OpRenTypeKz = 1 WHERE FormSeq = 2
			UPDATE uc_ren_main SET OpRenTypeKz = 1 WHERE FormSeq = 3
			UPDATE uc_ren_main SET OpRenTypeKz = 1 WHERE FormSeq = 4
			UPDATE uc_ren_main SET OpRenTypeKz = 1 WHERE FormSeq = 5
			UPDATE uc_ren_main SET OpRenTypeKz = 1 WHERE FormSeq = 9
			UPDATE uc_ren_main SET OpRenTypeKz = 1 WHERE FormSeq = 10
			UPDATE uc_ren_main SET OpRenTypeKz = 1 WHERE FormSeq = 11
			UPDATE uc_ren_main SET OpRenTypeKz = 1 WHERE FormSeq = 13

			-- 				 科目名を最大8文字から12文字に拡張
			IF(SELECT COLUMNPROPERTY(OBJECT_ID('uc_lst_kamoku'),'KnName','PRECISION')) is not null
				ALTER TABLE uc_lst_kamoku ALTER COLUMN KnName varchar(30) 

			-- uc_lst_item_sort 受取手形の内訳書に科目ソート追加
			set @udcount = 0;
			SELECT @udcount = count(FormSeq) FROM uc_lst_item_sort WHERE FormSeq = 2 AND ItemSeq = 8
			IF(@udcount = 0)
				INSERT INTO uc_lst_item_sort(FormSeq,ItemSeq,ItemName,FgPage,FgSykei,FgItem,OrderStr,FieldSykei,FieldSykei2)
				VALUES(2, 8, '科目', 1, 1, 1, 'KnOrder ASC', 'KnOrder', NULL)

			-- 各様式テーブルの科目名を12文字に拡張
			IF(SELECT COLUMNPROPERTY(OBJECT_ID('uc_011_yotyokin'),'KnName','PRECISION')) is not null
				ALTER TABLE uc_011_yotyokin ALTER COLUMN KnName varchar(30)
			IF(SELECT COLUMNPROPERTY(OBJECT_ID('uc_021_uketoritegata'),'KnName','PRECISION')) is not null
				ALTER TABLE uc_021_uketoritegata ALTER COLUMN KnName varchar(30)
			IF(SELECT COLUMNPROPERTY(OBJECT_ID('uc_031_urikakekin'),'KnName','PRECISION')) is not null
				ALTER TABLE uc_031_urikakekin ALTER COLUMN KnName varchar(30)
			IF(SELECT COLUMNPROPERTY(OBJECT_ID('uc_041_karibarai'),'KnName','PRECISION')) is not null
				ALTER TABLE uc_041_karibarai ALTER COLUMN KnName varchar(30)
			IF(SELECT COLUMNPROPERTY(OBJECT_ID('uc_051_tanaoroshi'),'KnName','PRECISION')) is not null
				ALTER TABLE uc_051_tanaoroshi ALTER COLUMN KnName varchar(30)
			IF(SELECT COLUMNPROPERTY(OBJECT_ID('uc_061_yuukasyouken'),'KnName','PRECISION')) is not null
				ALTER TABLE uc_061_yuukasyouken ALTER COLUMN KnName varchar(30)
			IF(SELECT COLUMNPROPERTY(OBJECT_ID('uc_091_kaikakekin'),'KnName','PRECISION')) is not null
				ALTER TABLE uc_091_kaikakekin ALTER COLUMN KnName varchar(30)
			IF(SELECT COLUMNPROPERTY(OBJECT_ID('uc_101_kariukekin'),'KnName','PRECISION')) is not null
				ALTER TABLE uc_101_kariukekin ALTER COLUMN KnName varchar(30)
			IF(SELECT COLUMNPROPERTY(OBJECT_ID('uc_111_kariirekin'),'KnName','PRECISION')) is not null
				ALTER TABLE uc_111_kariirekin ALTER COLUMN KnName varchar(30)
			IF(SELECT COLUMNPROPERTY(OBJECT_ID('uc_151_tidaiyatin'),'KnName','PRECISION')) is not null
				ALTER TABLE uc_161_zatueki ALTER COLUMN KnName varchar(30)
			IF(SELECT COLUMNPROPERTY(OBJECT_ID('uc_162_zatuson'),'KnName','PRECISION')) is not null
				ALTER TABLE uc_162_zatuson ALTER COLUMN KnName varchar(30)
			IF(SELECT COLUMNPROPERTY(OBJECT_ID('uc_171_sonota1'),'KnName','PRECISION')) is not null
				ALTER TABLE uc_171_sonota1 ALTER COLUMN KnName varchar(30)
			IF(SELECT COLUMNPROPERTY(OBJECT_ID('uc_181_sonota2'),'KnName','PRECISION')) is not null
				ALTER TABLE uc_181_sonota2 ALTER COLUMN KnName varchar(30)

		end
END
GO

BEGIN
	SET NOCOUNT ON;

	-- uc_inf_sub_omit 役員報酬手当及び人件費の内訳書の省略文字設定に住所を追加
	set @udcount = 0;
	SELECT @udcount = count(FormSeq) FROM uc_inf_sub_omit WHERE FormSeq = 16 AND ItemSeq = 4;
	IF(@udcount = 0)
		INSERT INTO uc_inf_sub_omit(FormSeq,ItemSeq,ItemName,Omit,OmitStr,OmitMaxLen) VALUES( 16, 4, '住所', 0, '〃', 8 )

	--  科目名を最大8文字から12文字に拡張
	IF(SELECT COLUMNPROPERTY(OBJECT_ID('uc_lst_kamoku'),'KnName','PRECISION')) is not null
		ALTER TABLE uc_lst_kamoku ALTER COLUMN KnName varchar(30) 

	-- 各様式テーブルの科目名を12文字に拡張
	IF(SELECT COLUMNPROPERTY(OBJECT_ID('uc_011_yotyokin'),'KnName','PRECISION')) is not null
		ALTER TABLE uc_011_yotyokin ALTER COLUMN KnName varchar(30)
	IF(SELECT COLUMNPROPERTY(OBJECT_ID('uc_021_uketoritegata'),'KnName','PRECISION')) is not null
		ALTER TABLE uc_021_uketoritegata ALTER COLUMN KnName varchar(30)
	IF(SELECT COLUMNPROPERTY(OBJECT_ID('uc_031_urikakekin'),'KnName','PRECISION')) is not null
		ALTER TABLE uc_031_urikakekin ALTER COLUMN KnName varchar(30)
	IF(SELECT COLUMNPROPERTY(OBJECT_ID('uc_041_karibarai'),'KnName','PRECISION')) is not null
		ALTER TABLE uc_041_karibarai ALTER COLUMN KnName varchar(30)
	IF(SELECT COLUMNPROPERTY(OBJECT_ID('uc_051_tanaoroshi'),'KnName','PRECISION')) is not null
		ALTER TABLE uc_051_tanaoroshi ALTER COLUMN KnName varchar(30)
	IF(SELECT COLUMNPROPERTY(OBJECT_ID('uc_061_yuukasyouken'),'KnName','PRECISION')) is not null
		ALTER TABLE uc_061_yuukasyouken ALTER COLUMN KnName varchar(30)
	IF(SELECT COLUMNPROPERTY(OBJECT_ID('uc_091_kaikakekin'),'KnName','PRECISION')) is not null
		ALTER TABLE uc_091_kaikakekin ALTER COLUMN KnName varchar(30)
	IF(SELECT COLUMNPROPERTY(OBJECT_ID('uc_101_kariukekin'),'KnName','PRECISION')) is not null
		ALTER TABLE uc_101_kariukekin ALTER COLUMN KnName varchar(30)
	IF(SELECT COLUMNPROPERTY(OBJECT_ID('uc_111_kariirekin'),'KnName','PRECISION')) is not null
		ALTER TABLE uc_111_kariirekin ALTER COLUMN KnName varchar(30)
	IF(SELECT COLUMNPROPERTY(OBJECT_ID('uc_161_zatueki'),'KnName','PRECISION')) is not null
		ALTER TABLE uc_161_zatueki ALTER COLUMN KnName varchar(30)
	IF(SELECT COLUMNPROPERTY(OBJECT_ID('uc_162_zatuson'),'KnName','PRECISION')) is not null
		ALTER TABLE uc_162_zatuson ALTER COLUMN KnName varchar(30)
	IF(SELECT COLUMNPROPERTY(OBJECT_ID('uc_171_sonota1'),'KnName','PRECISION')) is not null
		ALTER TABLE uc_171_sonota1 ALTER COLUMN KnName varchar(30)
	IF(SELECT COLUMNPROPERTY(OBJECT_ID('uc_181_sonota2'),'KnName','PRECISION')) is not null
		ALTER TABLE uc_181_sonota2 ALTER COLUMN KnName varchar(30)

END
GO

BEGIN
		----------------
		--	ver6->7(2/2)
		----------------

		SET NOCOUNT ON;

  		-- Insert statements for procedure here
		set @uchiver = -1
		select @uchiver = vers from vtbl where type=1001 AND objname='DBUchiwake'

		if( @uchiver = 6 ) begin
			-- uc_ren_main
			UPDATE uc_inf_main set GeneralConstVal = 0, GeneralVar = 0 where  GeneralConstVal is null and GeneralVar is null

			-- uc_lst_kamoku
			UPDATE uc_lst_kamoku set KnKana = 'ﾄｳｻﾞﾖｷ' WHERE KnSeq = 101 and KnKana is null
			UPDATE uc_lst_kamoku set KnKana = 'ﾌﾂｳﾖｷﾝ' WHERE KnSeq = 102 and KnKana is null
			UPDATE uc_lst_kamoku set KnKana = 'ﾃｲｷﾖｷﾝ' WHERE KnSeq = 103 and KnKana is null
			UPDATE uc_lst_kamoku set KnKana = 'ﾂｳﾁﾖｷﾝ' WHERE KnSeq = 104 and KnKana is null
			UPDATE uc_lst_kamoku set KnKana = 'ﾂﾐﾀﾃﾖｷ' WHERE KnSeq = 105 and KnKana is null
			UPDATE uc_lst_kamoku set KnKana = 'ﾍﾞﾂﾀﾞﾝ' WHERE KnSeq = 106 and KnKana is null
			UPDATE uc_lst_kamoku set KnKana = 'ｹﾞﾝｷﾝ' WHERE KnSeq = 107 and KnKana is null
			UPDATE uc_lst_kamoku set KnKana = 'ｳｹﾄﾘﾃｶ' WHERE KnSeq = 201 and KnKana is null
			UPDATE uc_lst_kamoku set KnKana = 'ｳﾘｶｹｷﾝ' WHERE KnSeq = 301 and KnKana is null
			UPDATE uc_lst_kamoku set KnKana = 'ﾐｼｭｳﾆｭ' WHERE KnSeq = 302 and KnKana is null
			UPDATE uc_lst_kamoku set KnKana = 'ｶﾝｾｲｺｳ' WHERE KnSeq = 303 and KnKana is null
			UPDATE uc_lst_kamoku set KnKana = 'ｶﾘﾊﾞﾗｲ' WHERE KnSeq = 401 and KnKana is null
			UPDATE uc_lst_kamoku set KnKana = 'ﾏｴﾜﾀｼｷ' WHERE KnSeq = 402 and KnKana is null
			UPDATE uc_lst_kamoku set KnKana = 'ﾏｴﾊﾞﾗｲ' WHERE KnSeq = 403 and KnKana is null
			UPDATE uc_lst_kamoku set KnKana = 'ｶｼﾂｹｷﾝ' WHERE KnSeq = 501 and KnKana is null
			UPDATE uc_lst_kamoku set KnKana = 'ｼｮｳﾋﾝ' WHERE KnSeq = 601 and KnKana is null
			UPDATE uc_lst_kamoku set KnKana = 'ｾｲﾋﾝ' WHERE KnSeq = 602 and KnKana is null
			UPDATE uc_lst_kamoku set KnKana = 'ﾊﾝｾｲﾋﾝ' WHERE KnSeq = 603 and KnKana is null
			UPDATE uc_lst_kamoku set KnKana = 'ｼｶｶﾘﾋﾝ' WHERE KnSeq = 604 and KnKana is null
			UPDATE uc_lst_kamoku set KnKana = 'ｹﾞﾝｻﾞｲ' WHERE KnSeq = 605 and KnKana is null
			UPDATE uc_lst_kamoku set KnKana = 'ﾁｮｿﾞｳﾋ' WHERE KnSeq = 606 and KnKana is null
			UPDATE uc_lst_kamoku set KnKana = 'ｻｷﾞｮｳｸ' WHERE KnSeq = 607 and KnKana is null
			UPDATE uc_lst_kamoku set KnKana = 'ﾌｸｻﾝﾌﾞ' WHERE KnSeq = 608 and KnKana is null
			UPDATE uc_lst_kamoku set KnKana = 'ﾐｾｲｺｳ' WHERE KnSeq = 609 and KnKana is null
			UPDATE uc_lst_kamoku set KnKana = 'ﾊﾞｲﾊﾞｲ' WHERE KnSeq = 701 and KnKana is null
			UPDATE uc_lst_kamoku set KnKana = 'ﾏﾝｷ' WHERE KnSeq = 702 and KnKana is null
			UPDATE uc_lst_kamoku set KnKana = 'ｿﾉﾀ' WHERE KnSeq = 703 and KnKana is null
			UPDATE uc_lst_kamoku set KnKana = 'ｼﾊﾗｲﾃｶ' WHERE KnSeq = 901 and KnKana is null
			UPDATE uc_lst_kamoku set KnKana = 'ｶｲｶｹｷﾝ' WHERE KnSeq = 1001 and KnKana is null
			UPDATE uc_lst_kamoku set KnKana = 'ﾐﾊﾞﾗｲｷ' WHERE KnSeq = 1002 and KnKana is null
			UPDATE uc_lst_kamoku set KnKana = 'ﾐﾊﾞﾗｲﾋ' WHERE KnSeq = 1003 and KnKana is null
			UPDATE uc_lst_kamoku set KnKana = 'ｺｳｼﾞﾐﾊ' WHERE KnSeq = 1004 and KnKana is null
			UPDATE uc_lst_kamoku set KnKana = 'ｶﾘｳｹｷﾝ' WHERE KnSeq = 1101 and KnKana is null
			UPDATE uc_lst_kamoku set KnKana = 'ﾏｴｳｹｷﾝ' WHERE KnSeq = 1102 and KnKana is null
			UPDATE uc_lst_kamoku set KnKana = 'ｱｽﾞｶﾘｷ' WHERE KnSeq = 1103 and KnKana is null
			UPDATE uc_lst_kamoku set KnKana = 'ｷｭｳ' WHERE KnSeq = 1201 and KnKana is null
			UPDATE uc_lst_kamoku set KnKana = 'ﾀｲ' WHERE KnSeq = 1202 and KnKana is null
			UPDATE uc_lst_kamoku set KnKana = 'ﾎｳ' WHERE KnSeq = 1203 and KnKana is null
			UPDATE uc_lst_kamoku set KnKana = 'ﾘ' WHERE KnSeq = 1204 and KnKana is null
			UPDATE uc_lst_kamoku set KnKana = 'ﾊｲ' WHERE KnSeq = 1205 and KnKana is null
			UPDATE uc_lst_kamoku set KnKana = 'ﾋ' WHERE KnSeq = 1206 and KnKana is null
			UPDATE uc_lst_kamoku set KnKana = 'ﾀﾝｷｶﾘｲ' WHERE KnSeq = 1301 and KnKana is null
			UPDATE uc_lst_kamoku set KnKana = 'ﾁｮｳｷｶﾘ' WHERE KnSeq = 1302 and KnKana is null
			UPDATE uc_lst_kamoku set KnKana = 'ｳﾘｱｹﾞ' WHERE KnSeq = 1401 and KnKana is null
			UPDATE uc_lst_kamoku set KnKana = 'ﾁｭｳｶｲﾃ' WHERE KnSeq = 1402 and KnKana is null
			UPDATE uc_lst_kamoku set KnKana = 'ﾔｸｲﾝﾎｳ' WHERE KnSeq = 1701 and KnKana is null
			UPDATE uc_lst_kamoku set KnKana = 'ｼﾞｭｳｷﾞ' WHERE KnSeq = 1702 and KnKana is null
			UPDATE uc_lst_kamoku set KnKana = 'ｼﾞｭｳｷﾞ' WHERE KnSeq = 1703 and KnKana is null
			UPDATE uc_lst_kamoku set KnKana = 'ﾁﾀﾞｲ' WHERE KnSeq = 1801 and KnKana is null
			UPDATE uc_lst_kamoku set KnKana = 'ﾔﾁﾝ' WHERE KnSeq = 1802 and KnKana is null
			UPDATE uc_lst_kamoku set KnKana = 'ｻﾞｯｼｭｳ' WHERE KnSeq = 2101 and KnKana is null
			UPDATE uc_lst_kamoku set KnKana = 'ｳｹﾄﾘﾘｿ' WHERE KnSeq = 2102 and KnKana is null
			UPDATE uc_lst_kamoku set KnKana = 'ｳｹﾄﾘﾊｲ' WHERE KnSeq = 2103 and KnKana is null
			UPDATE uc_lst_kamoku set KnKana = 'ｺﾃｲｼｻﾝ' WHERE KnSeq = 2104 and KnKana is null
			UPDATE uc_lst_kamoku set KnKana = 'ｻﾞｯｿﾝｼ' WHERE KnSeq = 2201 and KnKana is null
			UPDATE uc_lst_kamoku set KnKana = 'ｼﾊﾗｲﾘｿ' WHERE KnSeq = 2202 and KnKana is null
			UPDATE uc_lst_kamoku set KnKana = 'ｶｼﾀﾞｵﾚ' WHERE KnSeq = 2203 and KnKana is null
			UPDATE uc_lst_kamoku set KnKana = 'ｺﾃｲｼｻﾝ' WHERE KnSeq = 2204 and KnKana is null

			set @udcount = 0;
			SELECT @udcount = count(KnSeq) FROM uc_lst_kamoku WHERE KnSeq = 202 AND FormSeq = 2
			IF(@udcount = 0)
				INSERT INTO uc_lst_kamoku(KnSeq,FormSeq,KnOrder,KnCode,KnName,FgDel,FgDft,KnKana)
				VALUES (202, 2, 2, NULL, '割引手形', 0, 1, 'ﾜﾘﾋﾞｷﾃ')

			-- vtbl
			DELETE vtbl WHERE type=1001 AND objname='DBUchiwake'
			INSERT INTO vtbl (type, objname, vers)
			VALUES (1001, 'DBUchiwake', 7)

			set @uchiver = 7
		end
END
GO

BEGIN
	SET NOCOUNT ON;

	-- uc_ren_main
	UPDATE uc_inf_main set GeneralConstVal = 0 WHERE GeneralConstVal is null
	UPDATE uc_inf_main set GeneralVar = 0 WHERE GeneralVar is null

	-- uc_lst_kamoku
	UPDATE uc_lst_kamoku set KnKana = 'ﾄｳｻﾞﾖｷ' WHERE KnSeq = 101 AND KnKana is null
	UPDATE uc_lst_kamoku set KnKana = 'ﾌﾂｳﾖｷﾝ' WHERE KnSeq = 102 AND KnKana is null
	UPDATE uc_lst_kamoku set KnKana = 'ﾃｲｷﾖｷﾝ' WHERE KnSeq = 103 AND KnKana is null
	UPDATE uc_lst_kamoku set KnKana = 'ﾂｳﾁﾖｷﾝ' WHERE KnSeq = 104 AND KnKana is null
	UPDATE uc_lst_kamoku set KnKana = 'ﾂﾐﾀﾃﾖｷ' WHERE KnSeq = 105 AND KnKana is null
	UPDATE uc_lst_kamoku set KnKana = 'ﾍﾞﾂﾀﾞﾝ' WHERE KnSeq = 106 AND KnKana is null
	UPDATE uc_lst_kamoku set KnKana = 'ｹﾞﾝｷﾝ' WHERE KnSeq = 107 AND KnKana is null
	UPDATE uc_lst_kamoku set KnKana = 'ｳｹﾄﾘﾃｶ' WHERE KnSeq = 201 AND KnKana is null
	UPDATE uc_lst_kamoku set KnKana = 'ｳﾘｶｹｷﾝ' WHERE KnSeq = 301 AND KnKana is null
	UPDATE uc_lst_kamoku set KnKana = 'ﾐｼｭｳﾆｭ' WHERE KnSeq = 302 AND KnKana is null
	UPDATE uc_lst_kamoku set KnKana = 'ｶﾝｾｲｺｳ' WHERE KnSeq = 303 AND KnKana is null
	UPDATE uc_lst_kamoku set KnKana = 'ｶﾘﾊﾞﾗｲ' WHERE KnSeq = 401 AND KnKana is null
	UPDATE uc_lst_kamoku set KnKana = 'ﾏｴﾜﾀｼｷ' WHERE KnSeq = 402 AND KnKana is null
	UPDATE uc_lst_kamoku set KnKana = 'ﾏｴﾊﾞﾗｲ' WHERE KnSeq = 403 AND KnKana is null
	UPDATE uc_lst_kamoku set KnKana = 'ｶｼﾂｹｷﾝ' WHERE KnSeq = 501 AND KnKana is null
	UPDATE uc_lst_kamoku set KnKana = 'ｼｮｳﾋﾝ' WHERE KnSeq = 601 AND KnKana is null
	UPDATE uc_lst_kamoku set KnKana = 'ｾｲﾋﾝ' WHERE KnSeq = 602 AND KnKana is null
	UPDATE uc_lst_kamoku set KnKana = 'ﾊﾝｾｲﾋﾝ' WHERE KnSeq = 603 AND KnKana is null
	UPDATE uc_lst_kamoku set KnKana = 'ｼｶｶﾘﾋﾝ' WHERE KnSeq = 604 AND KnKana is null
	UPDATE uc_lst_kamoku set KnKana = 'ｹﾞﾝｻﾞｲ' WHERE KnSeq = 605 AND KnKana is null
	UPDATE uc_lst_kamoku set KnKana = 'ﾁｮｿﾞｳﾋ' WHERE KnSeq = 606 AND KnKana is null
	UPDATE uc_lst_kamoku set KnKana = 'ｻｷﾞｮｳｸ' WHERE KnSeq = 607 AND KnKana is null
	UPDATE uc_lst_kamoku set KnKana = 'ﾌｸｻﾝﾌﾞ' WHERE KnSeq = 608 AND KnKana is null
	UPDATE uc_lst_kamoku set KnKana = 'ﾐｾｲｺｳ' WHERE KnSeq = 609 AND KnKana is null
	UPDATE uc_lst_kamoku set KnKana = 'ﾊﾞｲﾊﾞｲ' WHERE KnSeq = 701 AND KnKana is null
	UPDATE uc_lst_kamoku set KnKana = 'ﾏﾝｷ' WHERE KnSeq = 702 AND KnKana is null
	UPDATE uc_lst_kamoku set KnKana = 'ｿﾉﾀ' WHERE KnSeq = 703 AND KnKana is null
	UPDATE uc_lst_kamoku set KnKana = 'ｼﾊﾗｲﾃｶ' WHERE KnSeq = 901 AND KnKana is null
	UPDATE uc_lst_kamoku set KnKana = 'ｶｲｶｹｷﾝ' WHERE KnSeq = 1001 AND KnKana is null
	UPDATE uc_lst_kamoku set KnKana = 'ﾐﾊﾞﾗｲｷ' WHERE KnSeq = 1002 AND KnKana is null
	UPDATE uc_lst_kamoku set KnKana = 'ﾐﾊﾞﾗｲﾋ' WHERE KnSeq = 1003 AND KnKana is null
	UPDATE uc_lst_kamoku set KnKana = 'ｺｳｼﾞﾐﾊ' WHERE KnSeq = 1004 AND KnKana is null
	UPDATE uc_lst_kamoku set KnKana = 'ｶﾘｳｹｷﾝ' WHERE KnSeq = 1101 AND KnKana is null
	UPDATE uc_lst_kamoku set KnKana = 'ﾏｴｳｹｷﾝ' WHERE KnSeq = 1102 AND KnKana is null
	UPDATE uc_lst_kamoku set KnKana = 'ｱｽﾞｶﾘｷ' WHERE KnSeq = 1103 AND KnKana is null
	UPDATE uc_lst_kamoku set KnKana = 'ｷｭｳ' WHERE KnSeq = 1201 AND KnKana is null
	UPDATE uc_lst_kamoku set KnKana = 'ﾀｲ' WHERE KnSeq = 1202 AND KnKana is null
	UPDATE uc_lst_kamoku set KnKana = 'ﾎｳ' WHERE KnSeq = 1203 AND KnKana is null
	UPDATE uc_lst_kamoku set KnKana = 'ﾘ' WHERE KnSeq = 1204 AND KnKana is null
	UPDATE uc_lst_kamoku set KnKana = 'ﾊｲ' WHERE KnSeq = 1205 AND KnKana is null
	UPDATE uc_lst_kamoku set KnKana = 'ﾋ' WHERE KnSeq = 1206 AND KnKana is null
	UPDATE uc_lst_kamoku set KnKana = 'ﾀﾝｷｶﾘｲ' WHERE KnSeq = 1301 AND KnKana is null
	UPDATE uc_lst_kamoku set KnKana = 'ﾁｮｳｷｶﾘ' WHERE KnSeq = 1302 AND KnKana is null
	UPDATE uc_lst_kamoku set KnKana = 'ｳﾘｱｹﾞ' WHERE KnSeq = 1401 AND KnKana is null
	UPDATE uc_lst_kamoku set KnKana = 'ﾁｭｳｶｲﾃ' WHERE KnSeq = 1402 AND KnKana is null
	UPDATE uc_lst_kamoku set KnKana = 'ﾔｸｲﾝﾎｳ' WHERE KnSeq = 1701 AND KnKana is null
	UPDATE uc_lst_kamoku set KnKana = 'ｼﾞｭｳｷﾞ' WHERE KnSeq = 1702 AND KnKana is null
	UPDATE uc_lst_kamoku set KnKana = 'ｼﾞｭｳｷﾞ' WHERE KnSeq = 1703 AND KnKana is null
	UPDATE uc_lst_kamoku set KnKana = 'ﾁﾀﾞｲ' WHERE KnSeq = 1801 AND KnKana is null
	UPDATE uc_lst_kamoku set KnKana = 'ﾔﾁﾝ' WHERE KnSeq = 1802 AND KnKana is null
	UPDATE uc_lst_kamoku set KnKana = 'ｻﾞｯｼｭｳ' WHERE KnSeq = 2101 AND KnKana is null
	UPDATE uc_lst_kamoku set KnKana = 'ｳｹﾄﾘﾘｿ' WHERE KnSeq = 2102 AND KnKana is null
	UPDATE uc_lst_kamoku set KnKana = 'ｳｹﾄﾘﾊｲ' WHERE KnSeq = 2103 AND KnKana is null
	UPDATE uc_lst_kamoku set KnKana = 'ｺﾃｲｼｻﾝ' WHERE KnSeq = 2104 AND KnKana is null
	UPDATE uc_lst_kamoku set KnKana = 'ｻﾞｯｿﾝｼ' WHERE KnSeq = 2201 AND KnKana is null
	UPDATE uc_lst_kamoku set KnKana = 'ｼﾊﾗｲﾘｿ' WHERE KnSeq = 2202 AND KnKana is null
	UPDATE uc_lst_kamoku set KnKana = 'ｶｼﾀﾞｵﾚ' WHERE KnSeq = 2203 AND KnKana is null
	UPDATE uc_lst_kamoku set KnKana = 'ｺﾃｲｼｻﾝ' WHERE KnSeq = 2204 AND KnKana is null

	set @udcount = 0;
	SELECT @udcount = count(KnSeq) FROM uc_lst_kamoku WHERE KnSeq = 202 AND FormSeq = 2
	IF(@udcount = 0)
		INSERT INTO uc_lst_kamoku(KnSeq,FormSeq,KnOrder,KnCode,KnName,FgDel,FgDft,KnKana) VALUES (202, 2, 2, NULL, '割引手形', 0, 1, 'ﾜﾘﾋﾞｷﾃ')
END
GO

BEGIN
		----------------
		--	ver7->8(1/2)
		----------------

		SET NOCOUNT ON;

  		-- Insert statements for procedure here
		set @uchiver = -1
		select @uchiver = vers from vtbl where type=1001 AND objname='DBUchiwake'

		if( @uchiver = 7 ) begin
			-- uc_inf_ver
			UPDATE uc_inf_ver SET Version = 8 WHERE Seq = 1
			
			-- ユーザー設定→「プレビュー、印刷時に一括印刷画面を表示する」デフォルトON
			UPDATE uc_inf_main SET GeneralVar = [dbo].[set_byte2](GeneralVar, 0, 0x04, 1)
			-- ユーザー設定→「取引先、金融機関を自動で登録する」デフォルトON
			UPDATE uc_inf_main SET GeneralVar = [dbo].[set_byte2](GeneralVar, 1, 0x01, 1)
			
			
			-- uc_lst_item_sort.OrderStr拡張後、更新
			ALTER TABLE uc_lst_item_sort ALTER COLUMN OrderStr varchar(300)
			-- 従来から自動登録をしなかったテーブル
			UPDATE uc_lst_item_sort SET OrderStr = 'CASE AdOrder WHEN 0 THEN (select max(OrderNum) + 1 from uc_lst_address) END, AdOrder ASC, (AdName1 + AdName2) COLLATE Japanese_CS_AS_KS_WS ASC, AdName1 COLLATE Japanese_CS_AS_KS_WS ASC, AdName2 COLLATE Japanese_CS_AS_KS_WS ASC' WHERE FormSeq = 5  AND ItemSeq = 1
			UPDATE uc_lst_item_sort SET OrderStr = 'CASE AdOrder WHEN 0 THEN (select max(OrderNum) + 1 from uc_lst_bank) 	END, AdOrder ASC, (AdName1 + AdName2) COLLATE Japanese_CS_AS_KS_WS ASC, AdName1 COLLATE Japanese_CS_AS_KS_WS ASC, AdName2 COLLATE Japanese_CS_AS_KS_WS ASC' WHERE FormSeq = 13 AND ItemSeq = 2
			UPDATE uc_lst_item_sort SET OrderStr = 'CASE AdOrder WHEN 0 THEN (select max(OrderNum) + 1 from uc_lst_address) END, AdOrder ASC, (AdName1 + AdName2) COLLATE Japanese_CS_AS_KS_WS ASC, AdName1 COLLATE Japanese_CS_AS_KS_WS ASC, AdName2 COLLATE Japanese_CS_AS_KS_WS ASC' WHERE FormSeq = 21 AND ItemSeq = 3
			UPDATE uc_lst_item_sort SET OrderStr = 'CASE AdOrder WHEN 0 THEN (select max(OrderNum) + 1 from uc_lst_address) END, AdOrder ASC, (AdName1 + AdName2) COLLATE Japanese_CS_AS_KS_WS ASC, AdName1 COLLATE Japanese_CS_AS_KS_WS ASC, AdName2 COLLATE Japanese_CS_AS_KS_WS ASC' WHERE FormSeq = 22 AND ItemSeq = 3
			-- 従来から自動登録をしていたテーブル（だが、今回から自動登録するかどうかのチェックボックスができたのでしなくなることもある）
			UPDATE uc_lst_item_sort SET OrderStr = 'CASE BkOrder WHEN 0 THEN (select max(OrderNum) + 1 from uc_lst_bank) END, BkOrder, (BkName1 + BkName2) COLLATE Japanese_CS_AS_KS_WS ASC, BkName1 COLLATE Japanese_CS_AS_KS_WS ASC, BkName2 COLLATE Japanese_CS_AS_KS_WS ASC' 		, FieldSykei = 'BkName1', FieldSykei2 = 'BkName1' WHERE FormSeq = 1  AND ItemSeq = 1
			UPDATE uc_lst_item_sort SET OrderStr = 'CASE AdOrder WHEN 0 THEN (select max(OrderNum) + 1 from uc_lst_address) END, AdOrder ASC, (AdName1 + AdName2) COLLATE Japanese_CS_AS_KS_WS ASC, AdName1 COLLATE Japanese_CS_AS_KS_WS ASC, AdName2 COLLATE Japanese_CS_AS_KS_WS ASC' , FieldSykei = 'AdName1', FieldSykei2 = 'AdName2' WHERE FormSeq = 2  AND ItemSeq = 1
			UPDATE uc_lst_item_sort SET OrderStr = 'CASE AdOrder WHEN 0 THEN (select max(OrderNum) + 1 from uc_lst_address) END, AdOrder ASC, (AdName1 + AdName2) COLLATE Japanese_CS_AS_KS_WS ASC, AdName1 COLLATE Japanese_CS_AS_KS_WS ASC, AdName2 COLLATE Japanese_CS_AS_KS_WS ASC' , FieldSykei = 'AdName1', FieldSykei2 = 'AdName2' WHERE FormSeq = 3  AND ItemSeq = 2
			UPDATE uc_lst_item_sort SET OrderStr = 'CASE AdOrder WHEN 0 THEN (select max(OrderNum) + 1 from uc_lst_address) END, AdOrder ASC, (AdName1 + AdName2) COLLATE Japanese_CS_AS_KS_WS ASC, AdName1 COLLATE Japanese_CS_AS_KS_WS ASC, AdName2 COLLATE Japanese_CS_AS_KS_WS ASC' , FieldSykei = 'AdName1', FieldSykei2 = 'AdName2' WHERE FormSeq = 4  AND ItemSeq = 2
			UPDATE uc_lst_item_sort SET OrderStr = 'CASE AdOrder WHEN 0 THEN (select max(OrderNum) + 1 from uc_lst_address) END, AdOrder ASC, (AdName1 + AdName2) COLLATE Japanese_CS_AS_KS_WS ASC, AdName1 COLLATE Japanese_CS_AS_KS_WS ASC, AdName2 COLLATE Japanese_CS_AS_KS_WS ASC' , FieldSykei = 'AdName1', FieldSykei2 = 'AdName2' WHERE FormSeq = 9  AND ItemSeq = 1
			UPDATE uc_lst_item_sort SET OrderStr = 'CASE AdOrder WHEN 0 THEN (select max(OrderNum) + 1 from uc_lst_address) END, AdOrder ASC, (AdName1 + AdName2) COLLATE Japanese_CS_AS_KS_WS ASC, AdName1 COLLATE Japanese_CS_AS_KS_WS ASC, AdName2 COLLATE Japanese_CS_AS_KS_WS ASC' , FieldSykei = 'AdName1', FieldSykei2 = 'AdName2' WHERE FormSeq = 10  AND ItemSeq = 2
			UPDATE uc_lst_item_sort SET OrderStr = 'CASE AdOrder WHEN 0 THEN (select max(OrderNum) + 1 from uc_lst_address) END, AdOrder ASC, (AdName1 + AdName2) COLLATE Japanese_CS_AS_KS_WS ASC, AdName1 COLLATE Japanese_CS_AS_KS_WS ASC, AdName2 COLLATE Japanese_CS_AS_KS_WS ASC' , FieldSykei = 'AdName1', FieldSykei2 = 'AdName2' WHERE FormSeq = 11  AND ItemSeq = 2
			
			-- uc_inf_sub
			UPDATE uc_inf_sub SET FormOrder = 43 where FormSeq = 201
			UPDATE uc_inf_sub SET FormOrder = 44 where FormSeq = 202
			UPDATE uc_inf_sub SET FormOrder = 45 where FormSeq = 203
			UPDATE uc_inf_sub SET FormOrder = 46 where FormSeq = 204
			UPDATE uc_inf_sub SET FormOrder = 47 where FormSeq = 205
			
			set @udcount = 0;
			SELECT @udcount = count(FormSeq) FROM uc_inf_sub WHERE FormSeq = 106 AND FormNo = 17 AND FormNo2 = 6
			IF(@udcount = 0)
				INSERT INTO uc_inf_sub(FormSeq,FormNo,FormNo2,FormNo3,FormOrder,TitleNo,TitleNo2,TitleOrg,TitleOrgTujo,TitleSave,TitleSaveTujo,Title,Sort1,Sort2,Sort3,OpSykeiAuto,OpSykeiName,OpCykeiName,OpSykeiKakko,OpCykeiKakko,OpIkkatuFg,OpIkkatu,OpIkkatuVal,OpIkkatuValOrg,OpOutSyokei,OpOutNullLine,OpKaiPage,OutKei,OpTitleKnFg,OpTitleKn,CurPage,CurRow,CurField,CurCtlIndex,GeneralConstVal,GeneralVar)
				VALUES (106, 17, 6, 0, 28, '⑰', '－６',   'その他科目の内訳書①－６',    NULL, 'その他科目の内訳書①－６',   NULL, 'その他科目の内訳書①－６',   0, 0, 0, 0, '小計', '中計', 1, 2, 1, 0, 0, 0, 1, 1, 0, 2, 0, 0, 1, 1, 1, 0, 0, 0);
			set @udcount = 0;
			SELECT @udcount = count(FormSeq) FROM uc_inf_sub WHERE FormSeq = 107 AND FormNo = 17 AND FormNo2 = 7
			IF(@udcount = 0)
				INSERT INTO uc_inf_sub(FormSeq,FormNo,FormNo2,FormNo3,FormOrder,TitleNo,TitleNo2,TitleOrg,TitleOrgTujo,TitleSave,TitleSaveTujo,Title,Sort1,Sort2,Sort3,OpSykeiAuto,OpSykeiName,OpCykeiName,OpSykeiKakko,OpCykeiKakko,OpIkkatuFg,OpIkkatu,OpIkkatuVal,OpIkkatuValOrg,OpOutSyokei,OpOutNullLine,OpKaiPage,OutKei,OpTitleKnFg,OpTitleKn,CurPage,CurRow,CurField,CurCtlIndex,GeneralConstVal,GeneralVar)
				VALUES (107, 17, 7, 0, 29, '⑰', '－７',   'その他科目の内訳書①－７',    NULL, 'その他科目の内訳書①－７',   NULL, 'その他科目の内訳書①－７',   0, 0, 0, 0, '小計', '中計', 1, 2, 1, 0, 0, 0, 1, 1, 0, 2, 0, 0, 1, 1, 1, 0, 0, 0);
			set @udcount = 0;
			SELECT @udcount = count(FormSeq) FROM uc_inf_sub WHERE FormSeq = 108 AND FormNo = 17 AND FormNo2 = 8
			IF(@udcount = 0)
				INSERT INTO uc_inf_sub(FormSeq,FormNo,FormNo2,FormNo3,FormOrder,TitleNo,TitleNo2,TitleOrg,TitleOrgTujo,TitleSave,TitleSaveTujo,Title,Sort1,Sort2,Sort3,OpSykeiAuto,OpSykeiName,OpCykeiName,OpSykeiKakko,OpCykeiKakko,OpIkkatuFg,OpIkkatu,OpIkkatuVal,OpIkkatuValOrg,OpOutSyokei,OpOutNullLine,OpKaiPage,OutKei,OpTitleKnFg,OpTitleKn,CurPage,CurRow,CurField,CurCtlIndex,GeneralConstVal,GeneralVar)
				VALUES (108, 17, 8, 0, 30, '⑰', '－８',   'その他科目の内訳書①－８',    NULL, 'その他科目の内訳書①－８',   NULL, 'その他科目の内訳書①－８',   0, 0, 0, 0, '小計', '中計', 1, 2, 1, 0, 0, 0, 1, 1, 0, 2, 0, 0, 1, 1, 1, 0, 0, 0);
			set @udcount = 0;
			SELECT @udcount = count(FormSeq) FROM uc_inf_sub WHERE FormSeq = 109 AND FormNo = 17 AND FormNo2 = 9
			IF(@udcount = 0)
				INSERT INTO uc_inf_sub(FormSeq,FormNo,FormNo2,FormNo3,FormOrder,TitleNo,TitleNo2,TitleOrg,TitleOrgTujo,TitleSave,TitleSaveTujo,Title,Sort1,Sort2,Sort3,OpSykeiAuto,OpSykeiName,OpCykeiName,OpSykeiKakko,OpCykeiKakko,OpIkkatuFg,OpIkkatu,OpIkkatuVal,OpIkkatuValOrg,OpOutSyokei,OpOutNullLine,OpKaiPage,OutKei,OpTitleKnFg,OpTitleKn,CurPage,CurRow,CurField,CurCtlIndex,GeneralConstVal,GeneralVar)
				VALUES (109, 17, 9, 0, 31, '⑰', '－９',   'その他科目の内訳書①－９',    NULL, 'その他科目の内訳書①－９',   NULL, 'その他科目の内訳書①－９',   0, 0, 0, 0, '小計', '中計', 1, 2, 1, 0, 0, 0, 1, 1, 0, 2, 0, 0, 1, 1, 1, 0, 0, 0);
			set @udcount = 0;
			SELECT @udcount = count(FormSeq) FROM uc_inf_sub WHERE FormSeq = 110 AND FormNo = 17 AND FormNo2 = 10
			IF(@udcount = 0)
				INSERT INTO uc_inf_sub(FormSeq,FormNo,FormNo2,FormNo3,FormOrder,TitleNo,TitleNo2,TitleOrg,TitleOrgTujo,TitleSave,TitleSaveTujo,Title,Sort1,Sort2,Sort3,OpSykeiAuto,OpSykeiName,OpCykeiName,OpSykeiKakko,OpCykeiKakko,OpIkkatuFg,OpIkkatu,OpIkkatuVal,OpIkkatuValOrg,OpOutSyokei,OpOutNullLine,OpKaiPage,OutKei,OpTitleKnFg,OpTitleKn,CurPage,CurRow,CurField,CurCtlIndex,GeneralConstVal,GeneralVar)
				VALUES (110, 17,10, 0, 32, '⑰', '－１０', 'その他科目の内訳書①－１０',  NULL, 'その他科目の内訳書①－１０', NULL, 'その他科目の内訳書①－１０', 0, 0, 0, 0, '小計', '中計', 1, 2, 1, 0, 0, 0, 1, 1, 0, 2, 0, 0, 1, 1, 1, 0, 0, 0);
			set @udcount = 0;
			SELECT @udcount = count(FormSeq) FROM uc_inf_sub WHERE FormSeq = 111 AND FormNo = 17 AND FormNo2 = 11
			IF(@udcount = 0)
				INSERT INTO uc_inf_sub(FormSeq,FormNo,FormNo2,FormNo3,FormOrder,TitleNo,TitleNo2,TitleOrg,TitleOrgTujo,TitleSave,TitleSaveTujo,Title,Sort1,Sort2,Sort3,OpSykeiAuto,OpSykeiName,OpCykeiName,OpSykeiKakko,OpCykeiKakko,OpIkkatuFg,OpIkkatu,OpIkkatuVal,OpIkkatuValOrg,OpOutSyokei,OpOutNullLine,OpKaiPage,OutKei,OpTitleKnFg,OpTitleKn,CurPage,CurRow,CurField,CurCtlIndex,GeneralConstVal,GeneralVar)
				VALUES (111, 17,11, 0, 33, '⑰', '－１１', 'その他科目の内訳書①－１１', NULL, 'その他科目の内訳書①－１１', NULL, 'その他科目の内訳書①－１１', 0, 0, 0, 0, '小計', '中計', 1, 2, 1, 0, 0, 0, 1, 1, 0, 2, 0, 0, 1, 1, 1, 0, 0, 0);
			set @udcount = 0;
			SELECT @udcount = count(FormSeq) FROM uc_inf_sub WHERE FormSeq = 112 AND FormNo = 17 AND FormNo2 = 12
			IF(@udcount = 0)
				INSERT INTO uc_inf_sub(FormSeq,FormNo,FormNo2,FormNo3,FormOrder,TitleNo,TitleNo2,TitleOrg,TitleOrgTujo,TitleSave,TitleSaveTujo,Title,Sort1,Sort2,Sort3,OpSykeiAuto,OpSykeiName,OpCykeiName,OpSykeiKakko,OpCykeiKakko,OpIkkatuFg,OpIkkatu,OpIkkatuVal,OpIkkatuValOrg,OpOutSyokei,OpOutNullLine,OpKaiPage,OutKei,OpTitleKnFg,OpTitleKn,CurPage,CurRow,CurField,CurCtlIndex,GeneralConstVal,GeneralVar)
				VALUES (112, 17,12, 0, 34, '⑰', '－１２', 'その他科目の内訳書①－１２',  NULL, 'その他科目の内訳書①－１２', NULL, 'その他科目の内訳書①－１２', 0, 0, 0, 0, '小計', '中計', 1, 2, 1, 0, 0, 0, 1, 1, 0, 2, 0, 0, 1, 1, 1, 0, 0, 0);
			set @udcount = 0;
			SELECT @udcount = count(FormSeq) FROM uc_inf_sub WHERE FormSeq = 113 AND FormNo = 17 AND FormNo2 = 13
			IF(@udcount = 0)
				INSERT INTO uc_inf_sub(FormSeq,FormNo,FormNo2,FormNo3,FormOrder,TitleNo,TitleNo2,TitleOrg,TitleOrgTujo,TitleSave,TitleSaveTujo,Title,Sort1,Sort2,Sort3,OpSykeiAuto,OpSykeiName,OpCykeiName,OpSykeiKakko,OpCykeiKakko,OpIkkatuFg,OpIkkatu,OpIkkatuVal,OpIkkatuValOrg,OpOutSyokei,OpOutNullLine,OpKaiPage,OutKei,OpTitleKnFg,OpTitleKn,CurPage,CurRow,CurField,CurCtlIndex,GeneralConstVal,GeneralVar)
				VALUES (113, 17,13, 0, 35, '⑰', '－１３', 'その他科目の内訳書①－１３',  NULL, 'その他科目の内訳書①－１３', NULL, 'その他科目の内訳書①－１３', 0, 0, 0, 0, '小計', '中計', 1, 2, 1, 0, 0, 0, 1, 1, 0, 2, 0, 0, 1, 1, 1, 0, 0, 0);
			set @udcount = 0;
			SELECT @udcount = count(FormSeq) FROM uc_inf_sub WHERE FormSeq = 114 AND FormNo = 17 AND FormNo2 = 14
			IF(@udcount = 0)
				INSERT INTO uc_inf_sub(FormSeq,FormNo,FormNo2,FormNo3,FormOrder,TitleNo,TitleNo2,TitleOrg,TitleOrgTujo,TitleSave,TitleSaveTujo,Title,Sort1,Sort2,Sort3,OpSykeiAuto,OpSykeiName,OpCykeiName,OpSykeiKakko,OpCykeiKakko,OpIkkatuFg,OpIkkatu,OpIkkatuVal,OpIkkatuValOrg,OpOutSyokei,OpOutNullLine,OpKaiPage,OutKei,OpTitleKnFg,OpTitleKn,CurPage,CurRow,CurField,CurCtlIndex,GeneralConstVal,GeneralVar)
				VALUES (114, 17,14, 0, 36, '⑰', '－１４', 'その他科目の内訳書①－１４',  NULL, 'その他科目の内訳書①－１４', NULL, 'その他科目の内訳書①－１４', 0, 0, 0, 0, '小計', '中計', 1, 2, 1, 0, 0, 0, 1, 1, 0, 2, 0, 0, 1, 1, 1, 0, 0, 0);
			set @udcount = 0;
			SELECT @udcount = count(FormSeq) FROM uc_inf_sub WHERE FormSeq = 115 AND FormNo = 17 AND FormNo2 = 15
			IF(@udcount = 0)
				INSERT INTO uc_inf_sub(FormSeq,FormNo,FormNo2,FormNo3,FormOrder,TitleNo,TitleNo2,TitleOrg,TitleOrgTujo,TitleSave,TitleSaveTujo,Title,Sort1,Sort2,Sort3,OpSykeiAuto,OpSykeiName,OpCykeiName,OpSykeiKakko,OpCykeiKakko,OpIkkatuFg,OpIkkatu,OpIkkatuVal,OpIkkatuValOrg,OpOutSyokei,OpOutNullLine,OpKaiPage,OutKei,OpTitleKnFg,OpTitleKn,CurPage,CurRow,CurField,CurCtlIndex,GeneralConstVal,GeneralVar)
				VALUES (115, 17,15, 0, 37, '⑰', '－１５', 'その他科目の内訳書①－１５',  NULL, 'その他科目の内訳書①－１５', NULL, 'その他科目の内訳書①－１５', 0, 0, 0, 0, '小計', '中計', 1, 2, 1, 0, 0, 0, 1, 1, 0, 2, 0, 0, 1, 1, 1, 0, 0, 0);
			set @udcount = 0;
			SELECT @udcount = count(FormSeq) FROM uc_inf_sub WHERE FormSeq = 116 AND FormNo = 17 AND FormNo2 = 16
			IF(@udcount = 0)
				INSERT INTO uc_inf_sub(FormSeq,FormNo,FormNo2,FormNo3,FormOrder,TitleNo,TitleNo2,TitleOrg,TitleOrgTujo,TitleSave,TitleSaveTujo,Title,Sort1,Sort2,Sort3,OpSykeiAuto,OpSykeiName,OpCykeiName,OpSykeiKakko,OpCykeiKakko,OpIkkatuFg,OpIkkatu,OpIkkatuVal,OpIkkatuValOrg,OpOutSyokei,OpOutNullLine,OpKaiPage,OutKei,OpTitleKnFg,OpTitleKn,CurPage,CurRow,CurField,CurCtlIndex,GeneralConstVal,GeneralVar)
				VALUES (116, 17,16, 0, 38, '⑰', '－１６', 'その他科目の内訳書①－１６',  NULL, 'その他科目の内訳書①－１６', NULL, 'その他科目の内訳書①－１６', 0, 0, 0, 0, '小計', '中計', 1, 2, 1, 0, 0, 0, 1, 1, 0, 2, 0, 0, 1, 1, 1, 0, 0, 0);
			set @udcount = 0;
			SELECT @udcount = count(FormSeq) FROM uc_inf_sub WHERE FormSeq = 117 AND FormNo = 17 AND FormNo2 = 17
			IF(@udcount = 0)
				INSERT INTO uc_inf_sub(FormSeq,FormNo,FormNo2,FormNo3,FormOrder,TitleNo,TitleNo2,TitleOrg,TitleOrgTujo,TitleSave,TitleSaveTujo,Title,Sort1,Sort2,Sort3,OpSykeiAuto,OpSykeiName,OpCykeiName,OpSykeiKakko,OpCykeiKakko,OpIkkatuFg,OpIkkatu,OpIkkatuVal,OpIkkatuValOrg,OpOutSyokei,OpOutNullLine,OpKaiPage,OutKei,OpTitleKnFg,OpTitleKn,CurPage,CurRow,CurField,CurCtlIndex,GeneralConstVal,GeneralVar)
				VALUES (117, 17,17, 0, 39, '⑰', '－１７', 'その他科目の内訳書①－１７',  NULL, 'その他科目の内訳書①－１７', NULL, 'その他科目の内訳書①－１７', 0, 0, 0, 0, '小計', '中計', 1, 2, 1, 0, 0, 0, 1, 1, 0, 2, 0, 0, 1, 1, 1, 0, 0, 0);
			set @udcount = 0;
			SELECT @udcount = count(FormSeq) FROM uc_inf_sub WHERE FormSeq = 118 AND FormNo = 17 AND FormNo2 = 18
			IF(@udcount = 0)
				INSERT INTO uc_inf_sub(FormSeq,FormNo,FormNo2,FormNo3,FormOrder,TitleNo,TitleNo2,TitleOrg,TitleOrgTujo,TitleSave,TitleSaveTujo,Title,Sort1,Sort2,Sort3,OpSykeiAuto,OpSykeiName,OpCykeiName,OpSykeiKakko,OpCykeiKakko,OpIkkatuFg,OpIkkatu,OpIkkatuVal,OpIkkatuValOrg,OpOutSyokei,OpOutNullLine,OpKaiPage,OutKei,OpTitleKnFg,OpTitleKn,CurPage,CurRow,CurField,CurCtlIndex,GeneralConstVal,GeneralVar)
				VALUES (118, 17,18, 0, 40, '⑰', '－１８', 'その他科目の内訳書①－１８',  NULL, 'その他科目の内訳書①－１８', NULL, 'その他科目の内訳書①－１８', 0, 0, 0, 0, '小計', '中計', 1, 2, 1, 0, 0, 0, 1, 1, 0, 2, 0, 0, 1, 1, 1, 0, 0, 0);
			set @udcount = 0;
			SELECT @udcount = count(FormSeq) FROM uc_inf_sub WHERE FormSeq = 119 AND FormNo = 17 AND FormNo2 = 19
			IF(@udcount = 0)
				INSERT INTO uc_inf_sub(FormSeq,FormNo,FormNo2,FormNo3,FormOrder,TitleNo,TitleNo2,TitleOrg,TitleOrgTujo,TitleSave,TitleSaveTujo,Title,Sort1,Sort2,Sort3,OpSykeiAuto,OpSykeiName,OpCykeiName,OpSykeiKakko,OpCykeiKakko,OpIkkatuFg,OpIkkatu,OpIkkatuVal,OpIkkatuValOrg,OpOutSyokei,OpOutNullLine,OpKaiPage,OutKei,OpTitleKnFg,OpTitleKn,CurPage,CurRow,CurField,CurCtlIndex,GeneralConstVal,GeneralVar)
				VALUES (119, 17,19, 0, 41, '⑰', '－１９', 'その他科目の内訳書①－１９',  NULL, 'その他科目の内訳書①－１９', NULL, 'その他科目の内訳書①－１９', 0, 0, 0, 0, '小計', '中計', 1, 2, 1, 0, 0, 0, 1, 1, 0, 2, 0, 0, 1, 1, 1, 0, 0, 0);
			set @udcount = 0;
			SELECT @udcount = count(FormSeq) FROM uc_inf_sub WHERE FormSeq = 120 AND FormNo = 17 AND FormNo2 = 20
			IF(@udcount = 0)
				INSERT INTO uc_inf_sub(FormSeq,FormNo,FormNo2,FormNo3,FormOrder,TitleNo,TitleNo2,TitleOrg,TitleOrgTujo,TitleSave,TitleSaveTujo,Title,Sort1,Sort2,Sort3,OpSykeiAuto,OpSykeiName,OpCykeiName,OpSykeiKakko,OpCykeiKakko,OpIkkatuFg,OpIkkatu,OpIkkatuVal,OpIkkatuValOrg,OpOutSyokei,OpOutNullLine,OpKaiPage,OutKei,OpTitleKnFg,OpTitleKn,CurPage,CurRow,CurField,CurCtlIndex,GeneralConstVal,GeneralVar)
				VALUES (120, 17,20, 0, 42, '⑰', '－２０', 'その他科目の内訳書①－２０',  NULL, 'その他科目の内訳書①－２０', NULL, 'その他科目の内訳書①－２０', 0, 0, 0, 0, '小計', '中計', 1, 2, 1, 0, 0, 0, 1, 1, 0, 2, 0, 0, 1, 1, 1, 0, 0, 0);

			set @udcount = 0;
			SELECT @udcount = count(FormSeq) FROM uc_inf_sub WHERE FormSeq = 206 AND FormNo = 18 AND FormNo2 = 6
			IF(@udcount = 0)
				INSERT INTO uc_inf_sub(FormSeq,FormNo,FormNo2,FormNo3,FormOrder,TitleNo,TitleNo2,TitleOrg,TitleOrgTujo,TitleSave,TitleSaveTujo,Title,Sort1,Sort2,Sort3,OpSykeiAuto,OpSykeiName,OpCykeiName,OpSykeiKakko,OpCykeiKakko,OpIkkatuFg,OpIkkatu,OpIkkatuVal,OpIkkatuValOrg,OpOutSyokei,OpOutNullLine,OpKaiPage,OutKei,OpTitleKnFg,OpTitleKn,CurPage,CurRow,CurField,CurCtlIndex,GeneralConstVal,GeneralVar)
				VALUES (206, 18, 6, 0, 48, '⑱', '－６',   'その他科目の内訳書②－６',    NULL, 'その他科目の内訳書②－６',   NULL, 'その他科目の内訳書②－６',   0, 0, 0, 0, '小計', '中計', 1, 2, 1, 0, 0, 0, 1, 1, 0, 2, 0, 0, 1, 1, 1, 0, 0, 0);
			set @udcount = 0;
			SELECT @udcount = count(FormSeq) FROM uc_inf_sub WHERE FormSeq = 207 AND FormNo = 18 AND FormNo2 = 7
			IF(@udcount = 0)
				INSERT INTO uc_inf_sub(FormSeq,FormNo,FormNo2,FormNo3,FormOrder,TitleNo,TitleNo2,TitleOrg,TitleOrgTujo,TitleSave,TitleSaveTujo,Title,Sort1,Sort2,Sort3,OpSykeiAuto,OpSykeiName,OpCykeiName,OpSykeiKakko,OpCykeiKakko,OpIkkatuFg,OpIkkatu,OpIkkatuVal,OpIkkatuValOrg,OpOutSyokei,OpOutNullLine,OpKaiPage,OutKei,OpTitleKnFg,OpTitleKn,CurPage,CurRow,CurField,CurCtlIndex,GeneralConstVal,GeneralVar)
				VALUES (207, 18, 7, 0, 49, '⑱', '－７',   'その他科目の内訳書②－７',    NULL, 'その他科目の内訳書②－７',   NULL, 'その他科目の内訳書②－７',   0, 0, 0, 0, '小計', '中計', 1, 2, 1, 0, 0, 0, 1, 1, 0, 2, 0, 0, 1, 1, 1, 0, 0, 0);
			set @udcount = 0;
			SELECT @udcount = count(FormSeq) FROM uc_inf_sub WHERE FormSeq = 208 AND FormNo = 18 AND FormNo2 = 8
			IF(@udcount = 0)
				INSERT INTO uc_inf_sub(FormSeq,FormNo,FormNo2,FormNo3,FormOrder,TitleNo,TitleNo2,TitleOrg,TitleOrgTujo,TitleSave,TitleSaveTujo,Title,Sort1,Sort2,Sort3,OpSykeiAuto,OpSykeiName,OpCykeiName,OpSykeiKakko,OpCykeiKakko,OpIkkatuFg,OpIkkatu,OpIkkatuVal,OpIkkatuValOrg,OpOutSyokei,OpOutNullLine,OpKaiPage,OutKei,OpTitleKnFg,OpTitleKn,CurPage,CurRow,CurField,CurCtlIndex,GeneralConstVal,GeneralVar)
				VALUES (208, 18, 8, 0, 50, '⑱', '－８',   'その他科目の内訳書②－８',    NULL, 'その他科目の内訳書②－８',   NULL, 'その他科目の内訳書②－８',   0, 0, 0, 0, '小計', '中計', 1, 2, 1, 0, 0, 0, 1, 1, 0, 2, 0, 0, 1, 1, 1, 0, 0, 0);
			set @udcount = 0;
			SELECT @udcount = count(FormSeq) FROM uc_inf_sub WHERE FormSeq = 209 AND FormNo = 18 AND FormNo2 = 9
			IF(@udcount = 0)
				INSERT INTO uc_inf_sub(FormSeq,FormNo,FormNo2,FormNo3,FormOrder,TitleNo,TitleNo2,TitleOrg,TitleOrgTujo,TitleSave,TitleSaveTujo,Title,Sort1,Sort2,Sort3,OpSykeiAuto,OpSykeiName,OpCykeiName,OpSykeiKakko,OpCykeiKakko,OpIkkatuFg,OpIkkatu,OpIkkatuVal,OpIkkatuValOrg,OpOutSyokei,OpOutNullLine,OpKaiPage,OutKei,OpTitleKnFg,OpTitleKn,CurPage,CurRow,CurField,CurCtlIndex,GeneralConstVal,GeneralVar)
				VALUES (209, 18, 9, 0, 51, '⑱', '－９',   'その他科目の内訳書②－９',    NULL, 'その他科目の内訳書②－９',   NULL, 'その他科目の内訳書②－９',   0, 0, 0, 0, '小計', '中計', 1, 2, 1, 0, 0, 0, 1, 1, 0, 2, 0, 0, 1, 1, 1, 0, 0, 0);
			set @udcount = 0;
			SELECT @udcount = count(FormSeq) FROM uc_inf_sub WHERE FormSeq = 210 AND FormNo = 18 AND FormNo2 = 10
			IF(@udcount = 0)
				INSERT INTO uc_inf_sub(FormSeq,FormNo,FormNo2,FormNo3,FormOrder,TitleNo,TitleNo2,TitleOrg,TitleOrgTujo,TitleSave,TitleSaveTujo,Title,Sort1,Sort2,Sort3,OpSykeiAuto,OpSykeiName,OpCykeiName,OpSykeiKakko,OpCykeiKakko,OpIkkatuFg,OpIkkatu,OpIkkatuVal,OpIkkatuValOrg,OpOutSyokei,OpOutNullLine,OpKaiPage,OutKei,OpTitleKnFg,OpTitleKn,CurPage,CurRow,CurField,CurCtlIndex,GeneralConstVal,GeneralVar)
				VALUES (210, 18,10, 0, 52, '⑱', '－１０', 'その他科目の内訳書②－１０',  NULL, 'その他科目の内訳書②－１０', NULL, 'その他科目の内訳書②－１０', 0, 0, 0, 0, '小計', '中計', 1, 2, 1, 0, 0, 0, 1, 1, 0, 2, 0, 0, 1, 1, 1, 0, 0, 0);
			set @udcount = 0;
			SELECT @udcount = count(FormSeq) FROM uc_inf_sub WHERE FormSeq = 211 AND FormNo = 18 AND FormNo2 = 11
			IF(@udcount = 0)
				INSERT INTO uc_inf_sub(FormSeq,FormNo,FormNo2,FormNo3,FormOrder,TitleNo,TitleNo2,TitleOrg,TitleOrgTujo,TitleSave,TitleSaveTujo,Title,Sort1,Sort2,Sort3,OpSykeiAuto,OpSykeiName,OpCykeiName,OpSykeiKakko,OpCykeiKakko,OpIkkatuFg,OpIkkatu,OpIkkatuVal,OpIkkatuValOrg,OpOutSyokei,OpOutNullLine,OpKaiPage,OutKei,OpTitleKnFg,OpTitleKn,CurPage,CurRow,CurField,CurCtlIndex,GeneralConstVal,GeneralVar)
				VALUES (211, 18,11, 0, 53, '⑱', '－１１', 'その他科目の内訳書②－１１', NULL, 'その他科目の内訳書②－１１', NULL, 'その他科目の内訳書②－１１', 0, 0, 0, 0, '小計', '中計', 1, 2, 1, 0, 0, 0, 1, 1, 0, 2, 0, 0, 1, 1, 1, 0, 0, 0);
			set @udcount = 0;
			SELECT @udcount = count(FormSeq) FROM uc_inf_sub WHERE FormSeq = 212 AND FormNo = 18 AND FormNo2 = 12
			IF(@udcount = 0)
				INSERT INTO uc_inf_sub(FormSeq,FormNo,FormNo2,FormNo3,FormOrder,TitleNo,TitleNo2,TitleOrg,TitleOrgTujo,TitleSave,TitleSaveTujo,Title,Sort1,Sort2,Sort3,OpSykeiAuto,OpSykeiName,OpCykeiName,OpSykeiKakko,OpCykeiKakko,OpIkkatuFg,OpIkkatu,OpIkkatuVal,OpIkkatuValOrg,OpOutSyokei,OpOutNullLine,OpKaiPage,OutKei,OpTitleKnFg,OpTitleKn,CurPage,CurRow,CurField,CurCtlIndex,GeneralConstVal,GeneralVar)
				VALUES (212, 18,12, 0, 54, '⑱', '－１２', 'その他科目の内訳書②－１２',  NULL, 'その他科目の内訳書②－１２', NULL, 'その他科目の内訳書②－１２', 0, 0, 0, 0, '小計', '中計', 1, 2, 1, 0, 0, 0, 1, 1, 0, 2, 0, 0, 1, 1, 1, 0, 0, 0);
			set @udcount = 0;
			SELECT @udcount = count(FormSeq) FROM uc_inf_sub WHERE FormSeq = 213 AND FormNo = 18 AND FormNo2 = 13
			IF(@udcount = 0)
				INSERT INTO uc_inf_sub(FormSeq,FormNo,FormNo2,FormNo3,FormOrder,TitleNo,TitleNo2,TitleOrg,TitleOrgTujo,TitleSave,TitleSaveTujo,Title,Sort1,Sort2,Sort3,OpSykeiAuto,OpSykeiName,OpCykeiName,OpSykeiKakko,OpCykeiKakko,OpIkkatuFg,OpIkkatu,OpIkkatuVal,OpIkkatuValOrg,OpOutSyokei,OpOutNullLine,OpKaiPage,OutKei,OpTitleKnFg,OpTitleKn,CurPage,CurRow,CurField,CurCtlIndex,GeneralConstVal,GeneralVar)
				VALUES (213, 18,13, 0, 55, '⑱', '－１３', 'その他科目の内訳書②－１３',  NULL, 'その他科目の内訳書②－１３', NULL, 'その他科目の内訳書②－１３', 0, 0, 0, 0, '小計', '中計', 1, 2, 1, 0, 0, 0, 1, 1, 0, 2, 0, 0, 1, 1, 1, 0, 0, 0);
			set @udcount = 0;
			SELECT @udcount = count(FormSeq) FROM uc_inf_sub WHERE FormSeq = 214 AND FormNo = 18 AND FormNo2 = 14
			IF(@udcount = 0)
				INSERT INTO uc_inf_sub(FormSeq,FormNo,FormNo2,FormNo3,FormOrder,TitleNo,TitleNo2,TitleOrg,TitleOrgTujo,TitleSave,TitleSaveTujo,Title,Sort1,Sort2,Sort3,OpSykeiAuto,OpSykeiName,OpCykeiName,OpSykeiKakko,OpCykeiKakko,OpIkkatuFg,OpIkkatu,OpIkkatuVal,OpIkkatuValOrg,OpOutSyokei,OpOutNullLine,OpKaiPage,OutKei,OpTitleKnFg,OpTitleKn,CurPage,CurRow,CurField,CurCtlIndex,GeneralConstVal,GeneralVar)
				VALUES (214, 18,14, 0, 56, '⑱', '－１４', 'その他科目の内訳書②－１４',  NULL, 'その他科目の内訳書②－１４', NULL, 'その他科目の内訳書②－１４', 0, 0, 0, 0, '小計', '中計', 1, 2, 1, 0, 0, 0, 1, 1, 0, 2, 0, 0, 1, 1, 1, 0, 0, 0);
			set @udcount = 0;
			SELECT @udcount = count(FormSeq) FROM uc_inf_sub WHERE FormSeq = 215 AND FormNo = 18 AND FormNo2 = 15
			IF(@udcount = 0)
				INSERT INTO uc_inf_sub(FormSeq,FormNo,FormNo2,FormNo3,FormOrder,TitleNo,TitleNo2,TitleOrg,TitleOrgTujo,TitleSave,TitleSaveTujo,Title,Sort1,Sort2,Sort3,OpSykeiAuto,OpSykeiName,OpCykeiName,OpSykeiKakko,OpCykeiKakko,OpIkkatuFg,OpIkkatu,OpIkkatuVal,OpIkkatuValOrg,OpOutSyokei,OpOutNullLine,OpKaiPage,OutKei,OpTitleKnFg,OpTitleKn,CurPage,CurRow,CurField,CurCtlIndex,GeneralConstVal,GeneralVar)
				VALUES (215, 18,15, 0, 57, '⑱', '－１５', 'その他科目の内訳書②－１５',  NULL, 'その他科目の内訳書②－１５', NULL, 'その他科目の内訳書②－１５', 0, 0, 0, 0, '小計', '中計', 1, 2, 1, 0, 0, 0, 1, 1, 0, 2, 0, 0, 1, 1, 1, 0, 0, 0);
			set @udcount = 0;
			SELECT @udcount = count(FormSeq) FROM uc_inf_sub WHERE FormSeq = 216 AND FormNo = 18 AND FormNo2 = 16
			IF(@udcount = 0)
				INSERT INTO uc_inf_sub(FormSeq,FormNo,FormNo2,FormNo3,FormOrder,TitleNo,TitleNo2,TitleOrg,TitleOrgTujo,TitleSave,TitleSaveTujo,Title,Sort1,Sort2,Sort3,OpSykeiAuto,OpSykeiName,OpCykeiName,OpSykeiKakko,OpCykeiKakko,OpIkkatuFg,OpIkkatu,OpIkkatuVal,OpIkkatuValOrg,OpOutSyokei,OpOutNullLine,OpKaiPage,OutKei,OpTitleKnFg,OpTitleKn,CurPage,CurRow,CurField,CurCtlIndex,GeneralConstVal,GeneralVar)
				VALUES (216, 18,16, 0, 58, '⑱', '－１６', 'その他科目の内訳書②－１６',  NULL, 'その他科目の内訳書②－１６', NULL, 'その他科目の内訳書②－１６', 0, 0, 0, 0, '小計', '中計', 1, 2, 1, 0, 0, 0, 1, 1, 0, 2, 0, 0, 1, 1, 1, 0, 0, 0);
			set @udcount = 0;
			SELECT @udcount = count(FormSeq) FROM uc_inf_sub WHERE FormSeq = 217 AND FormNo = 18 AND FormNo2 = 17
			IF(@udcount = 0)
				INSERT INTO uc_inf_sub(FormSeq,FormNo,FormNo2,FormNo3,FormOrder,TitleNo,TitleNo2,TitleOrg,TitleOrgTujo,TitleSave,TitleSaveTujo,Title,Sort1,Sort2,Sort3,OpSykeiAuto,OpSykeiName,OpCykeiName,OpSykeiKakko,OpCykeiKakko,OpIkkatuFg,OpIkkatu,OpIkkatuVal,OpIkkatuValOrg,OpOutSyokei,OpOutNullLine,OpKaiPage,OutKei,OpTitleKnFg,OpTitleKn,CurPage,CurRow,CurField,CurCtlIndex,GeneralConstVal,GeneralVar)
				VALUES (217, 18,17, 0, 59, '⑱', '－１７', 'その他科目の内訳書②－１７',  NULL, 'その他科目の内訳書②－１７', NULL, 'その他科目の内訳書②－１７', 0, 0, 0, 0, '小計', '中計', 1, 2, 1, 0, 0, 0, 1, 1, 0, 2, 0, 0, 1, 1, 1, 0, 0, 0);
			set @udcount = 0;
			SELECT @udcount = count(FormSeq) FROM uc_inf_sub WHERE FormSeq = 218 AND FormNo = 18 AND FormNo2 = 18
			IF(@udcount = 0)
				INSERT INTO uc_inf_sub(FormSeq,FormNo,FormNo2,FormNo3,FormOrder,TitleNo,TitleNo2,TitleOrg,TitleOrgTujo,TitleSave,TitleSaveTujo,Title,Sort1,Sort2,Sort3,OpSykeiAuto,OpSykeiName,OpCykeiName,OpSykeiKakko,OpCykeiKakko,OpIkkatuFg,OpIkkatu,OpIkkatuVal,OpIkkatuValOrg,OpOutSyokei,OpOutNullLine,OpKaiPage,OutKei,OpTitleKnFg,OpTitleKn,CurPage,CurRow,CurField,CurCtlIndex,GeneralConstVal,GeneralVar)
				VALUES (218, 18,18, 0, 60, '⑱', '－１８', 'その他科目の内訳書②－１８',  NULL, 'その他科目の内訳書②－１８', NULL, 'その他科目の内訳書②－１８', 0, 0, 0, 0, '小計', '中計', 1, 2, 1, 0, 0, 0, 1, 1, 0, 2, 0, 0, 1, 1, 1, 0, 0, 0);
			set @udcount = 0;
			SELECT @udcount = count(FormSeq) FROM uc_inf_sub WHERE FormSeq = 219 AND FormNo = 18 AND FormNo2 = 19
			IF(@udcount = 0)
				INSERT INTO uc_inf_sub(FormSeq,FormNo,FormNo2,FormNo3,FormOrder,TitleNo,TitleNo2,TitleOrg,TitleOrgTujo,TitleSave,TitleSaveTujo,Title,Sort1,Sort2,Sort3,OpSykeiAuto,OpSykeiName,OpCykeiName,OpSykeiKakko,OpCykeiKakko,OpIkkatuFg,OpIkkatu,OpIkkatuVal,OpIkkatuValOrg,OpOutSyokei,OpOutNullLine,OpKaiPage,OutKei,OpTitleKnFg,OpTitleKn,CurPage,CurRow,CurField,CurCtlIndex,GeneralConstVal,GeneralVar)
				VALUES (219, 18,19, 0, 61, '⑱', '－１９', 'その他科目の内訳書②－１９',  NULL, 'その他科目の内訳書②－１９', NULL, 'その他科目の内訳書②－１９', 0, 0, 0, 0, '小計', '中計', 1, 2, 1, 0, 0, 0, 1, 1, 0, 2, 0, 0, 1, 1, 1, 0, 0, 0);
			set @udcount = 0;
			SELECT @udcount = count(FormSeq) FROM uc_inf_sub WHERE FormSeq = 220 AND FormNo = 18 AND FormNo2 = 20
			IF(@udcount = 0)
				INSERT INTO uc_inf_sub(FormSeq,FormNo,FormNo2,FormNo3,FormOrder,TitleNo,TitleNo2,TitleOrg,TitleOrgTujo,TitleSave,TitleSaveTujo,Title,Sort1,Sort2,Sort3,OpSykeiAuto,OpSykeiName,OpCykeiName,OpSykeiKakko,OpCykeiKakko,OpIkkatuFg,OpIkkatu,OpIkkatuVal,OpIkkatuValOrg,OpOutSyokei,OpOutNullLine,OpKaiPage,OutKei,OpTitleKnFg,OpTitleKn,CurPage,CurRow,CurField,CurCtlIndex,GeneralConstVal,GeneralVar)
				VALUES (220, 18,20, 0, 62, '⑱', '－２０', 'その他科目の内訳書②－２０',  NULL, 'その他科目の内訳書②－２０', NULL, 'その他科目の内訳書②－２０', 0, 0, 0, 0, '小計', '中計', 1, 2, 1, 0, 0, 0, 1, 1, 0, 2, 0, 0, 1, 1, 1, 0, 0, 0);
			
			-- uc_inf_yokuki
			set @udcount = 0;
			SELECT @udcount = count(FormSeq) FROM uc_inf_yokuki WHERE FormSeq = 106
			IF(@udcount = 0)
				INSERT INTO uc_inf_yokuki(FormSeq,OpYokukiFg,OpYokuki,OpClearFg,OpClear,OpHokanFg,OpHokan)
				VALUES (106, 1, 1, 1, 1, 1, 1);
			set @udcount = 0;
			SELECT @udcount = count(FormSeq) FROM uc_inf_yokuki WHERE FormSeq = 107
			IF(@udcount = 0)
				INSERT INTO uc_inf_yokuki(FormSeq,OpYokukiFg,OpYokuki,OpClearFg,OpClear,OpHokanFg,OpHokan)
				VALUES (107, 1, 1, 1, 1, 1, 1);
			set @udcount = 0;
			SELECT @udcount = count(FormSeq) FROM uc_inf_yokuki WHERE FormSeq = 108
			IF(@udcount = 0)
				INSERT INTO uc_inf_yokuki(FormSeq,OpYokukiFg,OpYokuki,OpClearFg,OpClear,OpHokanFg,OpHokan)
				VALUES (108, 1, 1, 1, 1, 1, 1);
			set @udcount = 0;
			SELECT @udcount = count(FormSeq) FROM uc_inf_yokuki WHERE FormSeq = 109
			IF(@udcount = 0)
				INSERT INTO uc_inf_yokuki(FormSeq,OpYokukiFg,OpYokuki,OpClearFg,OpClear,OpHokanFg,OpHokan)
				VALUES (109, 1, 1, 1, 1, 1, 1);
			set @udcount = 0;
			SELECT @udcount = count(FormSeq) FROM uc_inf_yokuki WHERE FormSeq = 110
			IF(@udcount = 0)
				INSERT INTO uc_inf_yokuki(FormSeq,OpYokukiFg,OpYokuki,OpClearFg,OpClear,OpHokanFg,OpHokan)
				VALUES (110, 1, 1, 1, 1, 1, 1);
			set @udcount = 0;
			SELECT @udcount = count(FormSeq) FROM uc_inf_yokuki WHERE FormSeq = 111
			IF(@udcount = 0)
				INSERT INTO uc_inf_yokuki(FormSeq,OpYokukiFg,OpYokuki,OpClearFg,OpClear,OpHokanFg,OpHokan)
				VALUES (111, 1, 1, 1, 1, 1, 1);
			set @udcount = 0;
			SELECT @udcount = count(FormSeq) FROM uc_inf_yokuki WHERE FormSeq = 112
			IF(@udcount = 0)
				INSERT INTO uc_inf_yokuki(FormSeq,OpYokukiFg,OpYokuki,OpClearFg,OpClear,OpHokanFg,OpHokan)
				VALUES (112, 1, 1, 1, 1, 1, 1);
			set @udcount = 0;
			SELECT @udcount = count(FormSeq) FROM uc_inf_yokuki WHERE FormSeq = 113
			IF(@udcount = 0)
				INSERT INTO uc_inf_yokuki(FormSeq,OpYokukiFg,OpYokuki,OpClearFg,OpClear,OpHokanFg,OpHokan)
				VALUES (113, 1, 1, 1, 1, 1, 1);
			set @udcount = 0;
			SELECT @udcount = count(FormSeq) FROM uc_inf_yokuki WHERE FormSeq = 114
			IF(@udcount = 0)
				INSERT INTO uc_inf_yokuki(FormSeq,OpYokukiFg,OpYokuki,OpClearFg,OpClear,OpHokanFg,OpHokan)
				VALUES (114, 1, 1, 1, 1, 1, 1);
			set @udcount = 0;
			SELECT @udcount = count(FormSeq) FROM uc_inf_yokuki WHERE FormSeq = 115
			IF(@udcount = 0)
				INSERT INTO uc_inf_yokuki(FormSeq,OpYokukiFg,OpYokuki,OpClearFg,OpClear,OpHokanFg,OpHokan)
				VALUES (115, 1, 1, 1, 1, 1, 1);
			set @udcount = 0;
			SELECT @udcount = count(FormSeq) FROM uc_inf_yokuki WHERE FormSeq = 116
			IF(@udcount = 0)
				INSERT INTO uc_inf_yokuki(FormSeq,OpYokukiFg,OpYokuki,OpClearFg,OpClear,OpHokanFg,OpHokan)
				VALUES (116, 1, 1, 1, 1, 1, 1);
			set @udcount = 0;
			SELECT @udcount = count(FormSeq) FROM uc_inf_yokuki WHERE FormSeq = 117
			IF(@udcount = 0)
				INSERT INTO uc_inf_yokuki(FormSeq,OpYokukiFg,OpYokuki,OpClearFg,OpClear,OpHokanFg,OpHokan)
				VALUES (117, 1, 1, 1, 1, 1, 1);
			set @udcount = 0;
			SELECT @udcount = count(FormSeq) FROM uc_inf_yokuki WHERE FormSeq = 118
			IF(@udcount = 0)
				INSERT INTO uc_inf_yokuki(FormSeq,OpYokukiFg,OpYokuki,OpClearFg,OpClear,OpHokanFg,OpHokan)
				VALUES (118, 1, 1, 1, 1, 1, 1);
			set @udcount = 0;
			SELECT @udcount = count(FormSeq) FROM uc_inf_yokuki WHERE FormSeq = 119
			IF(@udcount = 0)
				INSERT INTO uc_inf_yokuki(FormSeq,OpYokukiFg,OpYokuki,OpClearFg,OpClear,OpHokanFg,OpHokan)
				VALUES (119, 1, 1, 1, 1, 1, 1);
			set @udcount = 0;
			SELECT @udcount = count(FormSeq) FROM uc_inf_yokuki WHERE FormSeq = 120
			IF(@udcount = 0)
				INSERT INTO uc_inf_yokuki(FormSeq,OpYokukiFg,OpYokuki,OpClearFg,OpClear,OpHokanFg,OpHokan)
				VALUES (120, 1, 1, 1, 1, 1, 1);

			set @udcount = 0;
			SELECT @udcount = count(FormSeq) FROM uc_inf_yokuki WHERE FormSeq = 206
			IF(@udcount = 0)
				INSERT INTO uc_inf_yokuki(FormSeq,OpYokukiFg,OpYokuki,OpClearFg,OpClear,OpHokanFg,OpHokan)
				VALUES (206, 1, 1, 1, 1, 1, 1);
			set @udcount = 0;
			SELECT @udcount = count(FormSeq) FROM uc_inf_yokuki WHERE FormSeq = 207
			IF(@udcount = 0)
				INSERT INTO uc_inf_yokuki(FormSeq,OpYokukiFg,OpYokuki,OpClearFg,OpClear,OpHokanFg,OpHokan)
				VALUES (207, 1, 1, 1, 1, 1, 1);
			set @udcount = 0;
			SELECT @udcount = count(FormSeq) FROM uc_inf_yokuki WHERE FormSeq = 208
			IF(@udcount = 0)
				INSERT INTO uc_inf_yokuki(FormSeq,OpYokukiFg,OpYokuki,OpClearFg,OpClear,OpHokanFg,OpHokan)
				VALUES (208, 1, 1, 1, 1, 1, 1);
			set @udcount = 0;
			SELECT @udcount = count(FormSeq) FROM uc_inf_yokuki WHERE FormSeq = 209
			IF(@udcount = 0)
				INSERT INTO uc_inf_yokuki(FormSeq,OpYokukiFg,OpYokuki,OpClearFg,OpClear,OpHokanFg,OpHokan)
				VALUES (209, 1, 1, 1, 1, 1, 1);
			set @udcount = 0;
			SELECT @udcount = count(FormSeq) FROM uc_inf_yokuki WHERE FormSeq = 210
			IF(@udcount = 0)
				INSERT INTO uc_inf_yokuki(FormSeq,OpYokukiFg,OpYokuki,OpClearFg,OpClear,OpHokanFg,OpHokan)
				VALUES (210, 1, 1, 1, 1, 1, 1);
			set @udcount = 0;
			SELECT @udcount = count(FormSeq) FROM uc_inf_yokuki WHERE FormSeq = 211
			IF(@udcount = 0)
				INSERT INTO uc_inf_yokuki(FormSeq,OpYokukiFg,OpYokuki,OpClearFg,OpClear,OpHokanFg,OpHokan)
				VALUES (211, 1, 1, 1, 1, 1, 1);
			set @udcount = 0;
			SELECT @udcount = count(FormSeq) FROM uc_inf_yokuki WHERE FormSeq = 212
			IF(@udcount = 0)
				INSERT INTO uc_inf_yokuki(FormSeq,OpYokukiFg,OpYokuki,OpClearFg,OpClear,OpHokanFg,OpHokan)
				VALUES (212, 1, 1, 1, 1, 1, 1);
			set @udcount = 0;
			SELECT @udcount = count(FormSeq) FROM uc_inf_yokuki WHERE FormSeq = 213
			IF(@udcount = 0)
				INSERT INTO uc_inf_yokuki(FormSeq,OpYokukiFg,OpYokuki,OpClearFg,OpClear,OpHokanFg,OpHokan)
				VALUES (213, 1, 1, 1, 1, 1, 1);
			set @udcount = 0;
			SELECT @udcount = count(FormSeq) FROM uc_inf_yokuki WHERE FormSeq = 214
			IF(@udcount = 0)
				INSERT INTO uc_inf_yokuki(FormSeq,OpYokukiFg,OpYokuki,OpClearFg,OpClear,OpHokanFg,OpHokan)
				VALUES (214, 1, 1, 1, 1, 1, 1);
			set @udcount = 0;
			SELECT @udcount = count(FormSeq) FROM uc_inf_yokuki WHERE FormSeq = 215
			IF(@udcount = 0)
				INSERT INTO uc_inf_yokuki(FormSeq,OpYokukiFg,OpYokuki,OpClearFg,OpClear,OpHokanFg,OpHokan)
				VALUES (215, 1, 1, 1, 1, 1, 1);
			set @udcount = 0;
			SELECT @udcount = count(FormSeq) FROM uc_inf_yokuki WHERE FormSeq = 216
			IF(@udcount = 0)
				INSERT INTO uc_inf_yokuki(FormSeq,OpYokukiFg,OpYokuki,OpClearFg,OpClear,OpHokanFg,OpHokan)
				VALUES (216, 1, 1, 1, 1, 1, 1);
			set @udcount = 0;
			SELECT @udcount = count(FormSeq) FROM uc_inf_yokuki WHERE FormSeq = 217
			IF(@udcount = 0)
				INSERT INTO uc_inf_yokuki(FormSeq,OpYokukiFg,OpYokuki,OpClearFg,OpClear,OpHokanFg,OpHokan)
				VALUES (217, 1, 1, 1, 1, 1, 1);
			set @udcount = 0;
			SELECT @udcount = count(FormSeq) FROM uc_inf_yokuki WHERE FormSeq = 218
			IF(@udcount = 0)
				INSERT INTO uc_inf_yokuki(FormSeq,OpYokukiFg,OpYokuki,OpClearFg,OpClear,OpHokanFg,OpHokan)
				VALUES (218, 1, 1, 1, 1, 1, 1);
			set @udcount = 0;
			SELECT @udcount = count(FormSeq) FROM uc_inf_yokuki WHERE FormSeq = 219
			IF(@udcount = 0)
				INSERT INTO uc_inf_yokuki(FormSeq,OpYokukiFg,OpYokuki,OpClearFg,OpClear,OpHokanFg,OpHokan)
				VALUES (219, 1, 1, 1, 1, 1, 1);
			set @udcount = 0;
			SELECT @udcount = count(FormSeq) FROM uc_inf_yokuki WHERE FormSeq = 220
			IF(@udcount = 0)
				INSERT INTO uc_inf_yokuki(FormSeq,OpYokukiFg,OpYokuki,OpClearFg,OpClear,OpHokanFg,OpHokan)
				VALUES (220, 1, 1, 1, 1, 1, 1);
			
			-- uc_inf_sub_omit
			set @udcount = 0;
			SELECT @udcount = count(FormSeq) FROM uc_inf_sub_omit WHERE FormSeq = 106
			IF(@udcount = 0) begin
				INSERT INTO uc_inf_sub_omit(FormSeq,ItemSeq,ItemName,Omit,OmitStr,OmitMaxLen) VALUES (106, 1, '科目', 0, '〃', 8);
				INSERT INTO uc_inf_sub_omit(FormSeq,ItemSeq,ItemName,Omit,OmitStr,OmitMaxLen) VALUES (106, 2, '相手先（名称）', 0, '〃', 8);
				INSERT INTO uc_inf_sub_omit(FormSeq,ItemSeq,ItemName,Omit,OmitStr,OmitMaxLen) VALUES (106, 3, '相手先（所在地）', 0, '〃', 8);
			end
			set @udcount = 0;
			SELECT @udcount = count(FormSeq) FROM uc_inf_sub_omit WHERE FormSeq = 107
			IF(@udcount = 0) begin
				INSERT INTO uc_inf_sub_omit(FormSeq,ItemSeq,ItemName,Omit,OmitStr,OmitMaxLen) VALUES (107, 1, '科目', 0, '〃', 8);
				INSERT INTO uc_inf_sub_omit(FormSeq,ItemSeq,ItemName,Omit,OmitStr,OmitMaxLen) VALUES (107, 2, '相手先（名称）', 0, '〃', 8);
				INSERT INTO uc_inf_sub_omit(FormSeq,ItemSeq,ItemName,Omit,OmitStr,OmitMaxLen) VALUES (107, 3, '相手先（所在地）', 0, '〃', 8);
			end
			set @udcount = 0;
			SELECT @udcount = count(FormSeq) FROM uc_inf_sub_omit WHERE FormSeq = 108
			IF(@udcount = 0) begin
				INSERT INTO uc_inf_sub_omit(FormSeq,ItemSeq,ItemName,Omit,OmitStr,OmitMaxLen) VALUES (108, 1, '科目', 0, '〃', 8);
				INSERT INTO uc_inf_sub_omit(FormSeq,ItemSeq,ItemName,Omit,OmitStr,OmitMaxLen) VALUES (108, 2, '相手先（名称）', 0, '〃', 8);
				INSERT INTO uc_inf_sub_omit(FormSeq,ItemSeq,ItemName,Omit,OmitStr,OmitMaxLen) VALUES (108, 3, '相手先（所在地）', 0, '〃', 8);
			end
			set @udcount = 0;
			SELECT @udcount = count(FormSeq) FROM uc_inf_sub_omit WHERE FormSeq = 109
			IF(@udcount = 0) begin
				INSERT INTO uc_inf_sub_omit(FormSeq,ItemSeq,ItemName,Omit,OmitStr,OmitMaxLen) VALUES (109, 1, '科目', 0, '〃', 8);
				INSERT INTO uc_inf_sub_omit(FormSeq,ItemSeq,ItemName,Omit,OmitStr,OmitMaxLen) VALUES (109, 2, '相手先（名称）', 0, '〃', 8);
				INSERT INTO uc_inf_sub_omit(FormSeq,ItemSeq,ItemName,Omit,OmitStr,OmitMaxLen) VALUES (109, 3, '相手先（所在地）', 0, '〃', 8);
			end
			set @udcount = 0;
			SELECT @udcount = count(FormSeq) FROM uc_inf_sub_omit WHERE FormSeq = 110
			IF(@udcount = 0) begin
				INSERT INTO uc_inf_sub_omit(FormSeq,ItemSeq,ItemName,Omit,OmitStr,OmitMaxLen) VALUES (110, 1, '科目', 0, '〃', 8);
				INSERT INTO uc_inf_sub_omit(FormSeq,ItemSeq,ItemName,Omit,OmitStr,OmitMaxLen) VALUES (110, 2, '相手先（名称）', 0, '〃', 8);
				INSERT INTO uc_inf_sub_omit(FormSeq,ItemSeq,ItemName,Omit,OmitStr,OmitMaxLen) VALUES (110, 3, '相手先（所在地）', 0, '〃', 8);
			end
			set @udcount = 0;
			SELECT @udcount = count(FormSeq) FROM uc_inf_sub_omit WHERE FormSeq = 111
			IF(@udcount = 0) begin
				INSERT INTO uc_inf_sub_omit(FormSeq,ItemSeq,ItemName,Omit,OmitStr,OmitMaxLen) VALUES (111, 1, '科目', 0, '〃', 8);
				INSERT INTO uc_inf_sub_omit(FormSeq,ItemSeq,ItemName,Omit,OmitStr,OmitMaxLen) VALUES (111, 2, '相手先（名称）', 0, '〃', 8);
				INSERT INTO uc_inf_sub_omit(FormSeq,ItemSeq,ItemName,Omit,OmitStr,OmitMaxLen) VALUES (111, 3, '相手先（所在地）', 0, '〃', 8);
			end
			set @udcount = 0;
			SELECT @udcount = count(FormSeq) FROM uc_inf_sub_omit WHERE FormSeq = 112
			IF(@udcount = 0) begin
				INSERT INTO uc_inf_sub_omit(FormSeq,ItemSeq,ItemName,Omit,OmitStr,OmitMaxLen) VALUES (112, 1, '科目', 0, '〃', 8);
				INSERT INTO uc_inf_sub_omit(FormSeq,ItemSeq,ItemName,Omit,OmitStr,OmitMaxLen) VALUES (112, 2, '相手先（名称）', 0, '〃', 8);
				INSERT INTO uc_inf_sub_omit(FormSeq,ItemSeq,ItemName,Omit,OmitStr,OmitMaxLen) VALUES (112, 3, '相手先（所在地）', 0, '〃', 8);
			end
			set @udcount = 0;
			SELECT @udcount = count(FormSeq) FROM uc_inf_sub_omit WHERE FormSeq = 113
			IF(@udcount = 0) begin
				INSERT INTO uc_inf_sub_omit(FormSeq,ItemSeq,ItemName,Omit,OmitStr,OmitMaxLen) VALUES (113, 1, '科目', 0, '〃', 8);
				INSERT INTO uc_inf_sub_omit(FormSeq,ItemSeq,ItemName,Omit,OmitStr,OmitMaxLen) VALUES (113, 2, '相手先（名称）', 0, '〃', 8);
				INSERT INTO uc_inf_sub_omit(FormSeq,ItemSeq,ItemName,Omit,OmitStr,OmitMaxLen) VALUES (113, 3, '相手先（所在地）', 0, '〃', 8);
			end
			set @udcount = 0;
			SELECT @udcount = count(FormSeq) FROM uc_inf_sub_omit WHERE FormSeq = 114
			IF(@udcount = 0) begin
				INSERT INTO uc_inf_sub_omit(FormSeq,ItemSeq,ItemName,Omit,OmitStr,OmitMaxLen) VALUES (114, 1, '科目', 0, '〃', 8);
				INSERT INTO uc_inf_sub_omit(FormSeq,ItemSeq,ItemName,Omit,OmitStr,OmitMaxLen) VALUES (114, 2, '相手先（名称）', 0, '〃', 8);
				INSERT INTO uc_inf_sub_omit(FormSeq,ItemSeq,ItemName,Omit,OmitStr,OmitMaxLen) VALUES (114, 3, '相手先（所在地）', 0, '〃', 8);
			end
			set @udcount = 0;
			SELECT @udcount = count(FormSeq) FROM uc_inf_sub_omit WHERE FormSeq = 115
			IF(@udcount = 0) begin
				INSERT INTO uc_inf_sub_omit(FormSeq,ItemSeq,ItemName,Omit,OmitStr,OmitMaxLen) VALUES (115, 1, '科目', 0, '〃', 8);
				INSERT INTO uc_inf_sub_omit(FormSeq,ItemSeq,ItemName,Omit,OmitStr,OmitMaxLen) VALUES (115, 2, '相手先（名称）', 0, '〃', 8);
				INSERT INTO uc_inf_sub_omit(FormSeq,ItemSeq,ItemName,Omit,OmitStr,OmitMaxLen) VALUES (115, 3, '相手先（所在地）', 0, '〃', 8);
			end
			set @udcount = 0;
			SELECT @udcount = count(FormSeq) FROM uc_inf_sub_omit WHERE FormSeq = 116
			IF(@udcount = 0) begin
				INSERT INTO uc_inf_sub_omit(FormSeq,ItemSeq,ItemName,Omit,OmitStr,OmitMaxLen) VALUES (116, 1, '科目', 0, '〃', 8);
				INSERT INTO uc_inf_sub_omit(FormSeq,ItemSeq,ItemName,Omit,OmitStr,OmitMaxLen) VALUES (116, 2, '相手先（名称）', 0, '〃', 8);
				INSERT INTO uc_inf_sub_omit(FormSeq,ItemSeq,ItemName,Omit,OmitStr,OmitMaxLen) VALUES (116, 3, '相手先（所在地）', 0, '〃', 8);
			end
			set @udcount = 0;
			SELECT @udcount = count(FormSeq) FROM uc_inf_sub_omit WHERE FormSeq = 117
			IF(@udcount = 0) begin
				INSERT INTO uc_inf_sub_omit(FormSeq,ItemSeq,ItemName,Omit,OmitStr,OmitMaxLen) VALUES (117, 1, '科目', 0, '〃', 8);
				INSERT INTO uc_inf_sub_omit(FormSeq,ItemSeq,ItemName,Omit,OmitStr,OmitMaxLen) VALUES (117, 2, '相手先（名称）', 0, '〃', 8);
				INSERT INTO uc_inf_sub_omit(FormSeq,ItemSeq,ItemName,Omit,OmitStr,OmitMaxLen) VALUES (117, 3, '相手先（所在地）', 0, '〃', 8);
			end
			set @udcount = 0;
			SELECT @udcount = count(FormSeq) FROM uc_inf_sub_omit WHERE FormSeq = 118
			IF(@udcount = 0) begin
				INSERT INTO uc_inf_sub_omit(FormSeq,ItemSeq,ItemName,Omit,OmitStr,OmitMaxLen) VALUES (118, 1, '科目', 0, '〃', 8);
				INSERT INTO uc_inf_sub_omit(FormSeq,ItemSeq,ItemName,Omit,OmitStr,OmitMaxLen) VALUES (118, 2, '相手先（名称）', 0, '〃', 8);
				INSERT INTO uc_inf_sub_omit(FormSeq,ItemSeq,ItemName,Omit,OmitStr,OmitMaxLen) VALUES (118, 3, '相手先（所在地）', 0, '〃', 8);
			end
			set @udcount = 0;
			SELECT @udcount = count(FormSeq) FROM uc_inf_sub_omit WHERE FormSeq = 119
			IF(@udcount = 0) begin
				INSERT INTO uc_inf_sub_omit(FormSeq,ItemSeq,ItemName,Omit,OmitStr,OmitMaxLen) VALUES (119, 1, '科目', 0, '〃', 8);
				INSERT INTO uc_inf_sub_omit(FormSeq,ItemSeq,ItemName,Omit,OmitStr,OmitMaxLen) VALUES (119, 2, '相手先（名称）', 0, '〃', 8);
				INSERT INTO uc_inf_sub_omit(FormSeq,ItemSeq,ItemName,Omit,OmitStr,OmitMaxLen) VALUES (119, 3, '相手先（所在地）', 0, '〃', 8);
			end
			set @udcount = 0;
			SELECT @udcount = count(FormSeq) FROM uc_inf_sub_omit WHERE FormSeq = 120
			IF(@udcount = 0) begin
				INSERT INTO uc_inf_sub_omit(FormSeq,ItemSeq,ItemName,Omit,OmitStr,OmitMaxLen) VALUES (120, 1, '科目', 0, '〃', 8);
				INSERT INTO uc_inf_sub_omit(FormSeq,ItemSeq,ItemName,Omit,OmitStr,OmitMaxLen) VALUES (120, 2, '相手先（名称）', 0, '〃', 8);
				INSERT INTO uc_inf_sub_omit(FormSeq,ItemSeq,ItemName,Omit,OmitStr,OmitMaxLen) VALUES (120, 3, '相手先（所在地）', 0, '〃', 8);
			end

			set @udcount = 0;
			SELECT @udcount = count(FormSeq) FROM uc_inf_sub_omit WHERE FormSeq = 206
			IF(@udcount = 0) 
				INSERT INTO uc_inf_sub_omit(FormSeq,ItemSeq,ItemName,Omit,OmitStr,OmitMaxLen) VALUES (206, 1, '科目', 0, '〃', 8);
			set @udcount = 0;
			SELECT @udcount = count(FormSeq) FROM uc_inf_sub_omit WHERE FormSeq = 207
			IF(@udcount = 0) 
				INSERT INTO uc_inf_sub_omit(FormSeq,ItemSeq,ItemName,Omit,OmitStr,OmitMaxLen) VALUES (207, 1, '科目', 0, '〃', 8);
			set @udcount = 0;
			SELECT @udcount = count(FormSeq) FROM uc_inf_sub_omit WHERE FormSeq = 208
			IF(@udcount = 0) 
				INSERT INTO uc_inf_sub_omit(FormSeq,ItemSeq,ItemName,Omit,OmitStr,OmitMaxLen) VALUES (208, 1, '科目', 0, '〃', 8);
			set @udcount = 0;
			SELECT @udcount = count(FormSeq) FROM uc_inf_sub_omit WHERE FormSeq = 209
			IF(@udcount = 0) 
				INSERT INTO uc_inf_sub_omit(FormSeq,ItemSeq,ItemName,Omit,OmitStr,OmitMaxLen) VALUES (209, 1, '科目', 0, '〃', 8);
			set @udcount = 0;
			SELECT @udcount = count(FormSeq) FROM uc_inf_sub_omit WHERE FormSeq = 210
			IF(@udcount = 0) 
				INSERT INTO uc_inf_sub_omit(FormSeq,ItemSeq,ItemName,Omit,OmitStr,OmitMaxLen) VALUES (210, 1, '科目', 0, '〃', 8);
			set @udcount = 0;
			SELECT @udcount = count(FormSeq) FROM uc_inf_sub_omit WHERE FormSeq = 211
			IF(@udcount = 0) 
				INSERT INTO uc_inf_sub_omit(FormSeq,ItemSeq,ItemName,Omit,OmitStr,OmitMaxLen) VALUES (211, 1, '科目', 0, '〃', 8);
			set @udcount = 0;
			SELECT @udcount = count(FormSeq) FROM uc_inf_sub_omit WHERE FormSeq = 212
			IF(@udcount = 0) 
				INSERT INTO uc_inf_sub_omit(FormSeq,ItemSeq,ItemName,Omit,OmitStr,OmitMaxLen) VALUES (212, 1, '科目', 0, '〃', 8);
			set @udcount = 0;
			SELECT @udcount = count(FormSeq) FROM uc_inf_sub_omit WHERE FormSeq = 213
			IF(@udcount = 0) 
				INSERT INTO uc_inf_sub_omit(FormSeq,ItemSeq,ItemName,Omit,OmitStr,OmitMaxLen) VALUES (213, 1, '科目', 0, '〃', 8);
			set @udcount = 0;
			SELECT @udcount = count(FormSeq) FROM uc_inf_sub_omit WHERE FormSeq = 214
			IF(@udcount = 0) 
				INSERT INTO uc_inf_sub_omit(FormSeq,ItemSeq,ItemName,Omit,OmitStr,OmitMaxLen) VALUES (214, 1, '科目', 0, '〃', 8);
			set @udcount = 0;
			SELECT @udcount = count(FormSeq) FROM uc_inf_sub_omit WHERE FormSeq = 215
			IF(@udcount = 0) 
				INSERT INTO uc_inf_sub_omit(FormSeq,ItemSeq,ItemName,Omit,OmitStr,OmitMaxLen) VALUES (215, 1, '科目', 0, '〃', 8);
			set @udcount = 0;
			SELECT @udcount = count(FormSeq) FROM uc_inf_sub_omit WHERE FormSeq = 216
			IF(@udcount = 0) 
				INSERT INTO uc_inf_sub_omit(FormSeq,ItemSeq,ItemName,Omit,OmitStr,OmitMaxLen) VALUES (216, 1, '科目', 0, '〃', 8);
			set @udcount = 0;
			SELECT @udcount = count(FormSeq) FROM uc_inf_sub_omit WHERE FormSeq = 217
			IF(@udcount = 0) 
				INSERT INTO uc_inf_sub_omit(FormSeq,ItemSeq,ItemName,Omit,OmitStr,OmitMaxLen) VALUES (217, 1, '科目', 0, '〃', 8);
			set @udcount = 0;
			SELECT @udcount = count(FormSeq) FROM uc_inf_sub_omit WHERE FormSeq = 218
			IF(@udcount = 0) 
				INSERT INTO uc_inf_sub_omit(FormSeq,ItemSeq,ItemName,Omit,OmitStr,OmitMaxLen) VALUES (218, 1, '科目', 0, '〃', 8);
			set @udcount = 0;
			SELECT @udcount = count(FormSeq) FROM uc_inf_sub_omit WHERE FormSeq = 219
			IF(@udcount = 0) 
				INSERT INTO uc_inf_sub_omit(FormSeq,ItemSeq,ItemName,Omit,OmitStr,OmitMaxLen) VALUES (219, 1, '科目', 0, '〃', 8);
			set @udcount = 0;
			SELECT @udcount = count(FormSeq) FROM uc_inf_sub_omit WHERE FormSeq = 220
			IF(@udcount = 0) 
				INSERT INTO uc_inf_sub_omit(FormSeq,ItemSeq,ItemName,Omit,OmitStr,OmitMaxLen) VALUES (220, 1, '科目', 0, '〃', 8);
			
			-- uc_lst_item_sort
			set @udcount = 0;
			SELECT @udcount = count(FormSeq) FROM uc_lst_item_sort WHERE FormSeq = 106
			IF(@udcount = 0) begin
				INSERT INTO uc_lst_item_sort(FormSeq,ItemSeq,ItemName,FgPage,FgSykei,FgItem,OrderStr,FieldSykei,FieldSykei2)
				VALUES (106, 0, 'なし', 0, 0, 0, NULL, NULL, NULL);
				INSERT INTO uc_lst_item_sort(FormSeq,ItemSeq,ItemName,FgPage,FgSykei,FgItem,OrderStr,FieldSykei,FieldSykei2)
				VALUES (106, 1, '科目', 1, 1, 1, 'KnOrder ASC', 'KnOrder', NULL);
				INSERT INTO uc_lst_item_sort(FormSeq,ItemSeq,ItemName,FgPage,FgSykei,FgItem,OrderStr,FieldSykei,FieldSykei2)
				VALUES (106, 2, '相手先（名称）', 0, 0, 0, '(AdName1 + AdName2) COLLATE Japanese_CS_AS_KS_WS ASC, AdName1 COLLATE Japanese_CS_AS_KS_WS ASC, AdName2 COLLATE Japanese_CS_AS_KS_WS ASC', NULL, NULL);
				INSERT INTO uc_lst_item_sort(FormSeq,ItemSeq,ItemName,FgPage,FgSykei,FgItem,OrderStr,FieldSykei,FieldSykei2)
				VALUES (106, 3, '期末現在高（大きい順）', 0, 0, 0, 'Val DESC', NULL, NULL);
				INSERT INTO uc_lst_item_sort(FormSeq,ItemSeq,ItemName,FgPage,FgSykei,FgItem,OrderStr,FieldSykei,FieldSykei2)
				VALUES (106, 4, '期末現在高（小さい順）', 0, 0, 0, 'Val ASC', NULL, NULL);
			end
			set @udcount = 0;
			SELECT @udcount = count(FormSeq) FROM uc_lst_item_sort WHERE FormSeq = 107
			IF(@udcount = 0) begin
				INSERT INTO uc_lst_item_sort(FormSeq,ItemSeq,ItemName,FgPage,FgSykei,FgItem,OrderStr,FieldSykei,FieldSykei2)
				VALUES (107, 0, 'なし', 0, 0, 0, NULL, NULL, NULL);
				INSERT INTO uc_lst_item_sort(FormSeq,ItemSeq,ItemName,FgPage,FgSykei,FgItem,OrderStr,FieldSykei,FieldSykei2)
				VALUES (107, 1, '科目', 1, 1, 1, 'KnOrder ASC', 'KnOrder', NULL);
				INSERT INTO uc_lst_item_sort(FormSeq,ItemSeq,ItemName,FgPage,FgSykei,FgItem,OrderStr,FieldSykei,FieldSykei2)
				VALUES (107, 2, '相手先（名称）', 0, 0, 0, '(AdName1 + AdName2) COLLATE Japanese_CS_AS_KS_WS ASC, AdName1 COLLATE Japanese_CS_AS_KS_WS ASC, AdName2 COLLATE Japanese_CS_AS_KS_WS ASC', NULL, NULL);
				INSERT INTO uc_lst_item_sort(FormSeq,ItemSeq,ItemName,FgPage,FgSykei,FgItem,OrderStr,FieldSykei,FieldSykei2)
				VALUES (107, 3, '期末現在高（大きい順）', 0, 0, 0, 'Val DESC', NULL, NULL);
				INSERT INTO uc_lst_item_sort(FormSeq,ItemSeq,ItemName,FgPage,FgSykei,FgItem,OrderStr,FieldSykei,FieldSykei2)
				VALUES (107, 4, '期末現在高（小さい順）', 0, 0, 0, 'Val ASC', NULL, NULL);
			end
			set @udcount = 0;
			SELECT @udcount = count(FormSeq) FROM uc_lst_item_sort WHERE FormSeq = 108
			IF(@udcount = 0) begin
				INSERT INTO uc_lst_item_sort(FormSeq,ItemSeq,ItemName,FgPage,FgSykei,FgItem,OrderStr,FieldSykei,FieldSykei2)
				VALUES (108, 0, 'なし', 0, 0, 0, NULL, NULL, NULL);
				INSERT INTO uc_lst_item_sort(FormSeq,ItemSeq,ItemName,FgPage,FgSykei,FgItem,OrderStr,FieldSykei,FieldSykei2)
				VALUES (108, 1, '科目', 1, 1, 1, 'KnOrder ASC', 'KnOrder', NULL);
				INSERT INTO uc_lst_item_sort(FormSeq,ItemSeq,ItemName,FgPage,FgSykei,FgItem,OrderStr,FieldSykei,FieldSykei2)
				VALUES (108, 2, '相手先（名称）', 0, 0, 0, '(AdName1 + AdName2) COLLATE Japanese_CS_AS_KS_WS ASC, AdName1 COLLATE Japanese_CS_AS_KS_WS ASC, AdName2 COLLATE Japanese_CS_AS_KS_WS ASC', NULL, NULL);
				INSERT INTO uc_lst_item_sort(FormSeq,ItemSeq,ItemName,FgPage,FgSykei,FgItem,OrderStr,FieldSykei,FieldSykei2)
				VALUES (108, 3, '期末現在高（大きい順）', 0, 0, 0, 'Val DESC', NULL, NULL);
				INSERT INTO uc_lst_item_sort(FormSeq,ItemSeq,ItemName,FgPage,FgSykei,FgItem,OrderStr,FieldSykei,FieldSykei2)
				VALUES (108, 4, '期末現在高（小さい順）', 0, 0, 0, 'Val ASC', NULL, NULL);
			end
			set @udcount = 0;
			SELECT @udcount = count(FormSeq) FROM uc_lst_item_sort WHERE FormSeq = 109
			IF(@udcount = 0) begin
				INSERT INTO uc_lst_item_sort(FormSeq,ItemSeq,ItemName,FgPage,FgSykei,FgItem,OrderStr,FieldSykei,FieldSykei2)
				VALUES (109, 0, 'なし', 0, 0, 0, NULL, NULL, NULL);
				INSERT INTO uc_lst_item_sort(FormSeq,ItemSeq,ItemName,FgPage,FgSykei,FgItem,OrderStr,FieldSykei,FieldSykei2)
				VALUES (109, 1, '科目', 1, 1, 1, 'KnOrder ASC', 'KnOrder', NULL);
				INSERT INTO uc_lst_item_sort(FormSeq,ItemSeq,ItemName,FgPage,FgSykei,FgItem,OrderStr,FieldSykei,FieldSykei2)
				VALUES (109, 2, '相手先（名称）', 0, 0, 0, '(AdName1 + AdName2) COLLATE Japanese_CS_AS_KS_WS ASC, AdName1 COLLATE Japanese_CS_AS_KS_WS ASC, AdName2 COLLATE Japanese_CS_AS_KS_WS ASC', NULL, NULL);
				INSERT INTO uc_lst_item_sort(FormSeq,ItemSeq,ItemName,FgPage,FgSykei,FgItem,OrderStr,FieldSykei,FieldSykei2)
				VALUES (109, 3, '期末現在高（大きい順）', 0, 0, 0, 'Val DESC', NULL, NULL);
				INSERT INTO uc_lst_item_sort(FormSeq,ItemSeq,ItemName,FgPage,FgSykei,FgItem,OrderStr,FieldSykei,FieldSykei2)
				VALUES (109, 4, '期末現在高（小さい順）', 0, 0, 0, 'Val ASC', NULL, NULL);
			end
			set @udcount = 0;
			SELECT @udcount = count(FormSeq) FROM uc_lst_item_sort WHERE FormSeq = 110
			IF(@udcount = 0) begin
				INSERT INTO uc_lst_item_sort(FormSeq,ItemSeq,ItemName,FgPage,FgSykei,FgItem,OrderStr,FieldSykei,FieldSykei2)
				VALUES (110, 0, 'なし', 0, 0, 0, NULL, NULL, NULL);
				INSERT INTO uc_lst_item_sort(FormSeq,ItemSeq,ItemName,FgPage,FgSykei,FgItem,OrderStr,FieldSykei,FieldSykei2)
				VALUES (110, 1, '科目', 1, 1, 1, 'KnOrder ASC', 'KnOrder', NULL);
				INSERT INTO uc_lst_item_sort(FormSeq,ItemSeq,ItemName,FgPage,FgSykei,FgItem,OrderStr,FieldSykei,FieldSykei2)
				VALUES (110, 2, '相手先（名称）', 0, 0, 0, '(AdName1 + AdName2) COLLATE Japanese_CS_AS_KS_WS ASC, AdName1 COLLATE Japanese_CS_AS_KS_WS ASC, AdName2 COLLATE Japanese_CS_AS_KS_WS ASC', NULL, NULL);
				INSERT INTO uc_lst_item_sort(FormSeq,ItemSeq,ItemName,FgPage,FgSykei,FgItem,OrderStr,FieldSykei,FieldSykei2)
				VALUES (110, 3, '期末現在高（大きい順）', 0, 0, 0, 'Val DESC', NULL, NULL);
				INSERT INTO uc_lst_item_sort(FormSeq,ItemSeq,ItemName,FgPage,FgSykei,FgItem,OrderStr,FieldSykei,FieldSykei2)
				VALUES (110, 4, '期末現在高（小さい順）', 0, 0, 0, 'Val ASC', NULL, NULL);
			end
			set @udcount = 0;
			SELECT @udcount = count(FormSeq) FROM uc_lst_item_sort WHERE FormSeq = 111
			IF(@udcount = 0) begin
				INSERT INTO uc_lst_item_sort(FormSeq,ItemSeq,ItemName,FgPage,FgSykei,FgItem,OrderStr,FieldSykei,FieldSykei2)
				VALUES (111, 0, 'なし', 0, 0, 0, NULL, NULL, NULL);
				INSERT INTO uc_lst_item_sort(FormSeq,ItemSeq,ItemName,FgPage,FgSykei,FgItem,OrderStr,FieldSykei,FieldSykei2)
				VALUES (111, 1, '科目', 1, 1, 1, 'KnOrder ASC', 'KnOrder', NULL);
				INSERT INTO uc_lst_item_sort(FormSeq,ItemSeq,ItemName,FgPage,FgSykei,FgItem,OrderStr,FieldSykei,FieldSykei2)
				VALUES (111, 2, '相手先（名称）', 0, 0, 0, '(AdName1 + AdName2) COLLATE Japanese_CS_AS_KS_WS ASC, AdName1 COLLATE Japanese_CS_AS_KS_WS ASC, AdName2 COLLATE Japanese_CS_AS_KS_WS ASC', NULL, NULL);
				INSERT INTO uc_lst_item_sort(FormSeq,ItemSeq,ItemName,FgPage,FgSykei,FgItem,OrderStr,FieldSykei,FieldSykei2)
				VALUES (111, 3, '期末現在高（大きい順）', 0, 0, 0, 'Val DESC', NULL, NULL);
				INSERT INTO uc_lst_item_sort(FormSeq,ItemSeq,ItemName,FgPage,FgSykei,FgItem,OrderStr,FieldSykei,FieldSykei2)
				VALUES (111, 4, '期末現在高（小さい順）', 0, 0, 0, 'Val ASC', NULL, NULL);
			end
			set @udcount = 0;
			SELECT @udcount = count(FormSeq) FROM uc_lst_item_sort WHERE FormSeq = 112
			IF(@udcount = 0) begin
				INSERT INTO uc_lst_item_sort(FormSeq,ItemSeq,ItemName,FgPage,FgSykei,FgItem,OrderStr,FieldSykei,FieldSykei2)
				VALUES (112, 0, 'なし', 0, 0, 0, NULL, NULL, NULL);
				INSERT INTO uc_lst_item_sort(FormSeq,ItemSeq,ItemName,FgPage,FgSykei,FgItem,OrderStr,FieldSykei,FieldSykei2)
				VALUES (112, 1, '科目', 1, 1, 1, 'KnOrder ASC', 'KnOrder', NULL);
				INSERT INTO uc_lst_item_sort(FormSeq,ItemSeq,ItemName,FgPage,FgSykei,FgItem,OrderStr,FieldSykei,FieldSykei2)
				VALUES (112, 2, '相手先（名称）', 0, 0, 0, '(AdName1 + AdName2) COLLATE Japanese_CS_AS_KS_WS ASC, AdName1 COLLATE Japanese_CS_AS_KS_WS ASC, AdName2 COLLATE Japanese_CS_AS_KS_WS ASC', NULL, NULL);
				INSERT INTO uc_lst_item_sort(FormSeq,ItemSeq,ItemName,FgPage,FgSykei,FgItem,OrderStr,FieldSykei,FieldSykei2)
				VALUES (112, 3, '期末現在高（大きい順）', 0, 0, 0, 'Val DESC', NULL, NULL);
				INSERT INTO uc_lst_item_sort(FormSeq,ItemSeq,ItemName,FgPage,FgSykei,FgItem,OrderStr,FieldSykei,FieldSykei2)
				VALUES (112, 4, '期末現在高（小さい順）', 0, 0, 0, 'Val ASC', NULL, NULL);
			end
			set @udcount = 0;
			SELECT @udcount = count(FormSeq) FROM uc_lst_item_sort WHERE FormSeq = 113
			IF(@udcount = 0) begin
				INSERT INTO uc_lst_item_sort(FormSeq,ItemSeq,ItemName,FgPage,FgSykei,FgItem,OrderStr,FieldSykei,FieldSykei2)
				VALUES (113, 0, 'なし', 0, 0, 0, NULL, NULL, NULL);
				INSERT INTO uc_lst_item_sort(FormSeq,ItemSeq,ItemName,FgPage,FgSykei,FgItem,OrderStr,FieldSykei,FieldSykei2)
				VALUES (113, 1, '科目', 1, 1, 1, 'KnOrder ASC', 'KnOrder', NULL);
				INSERT INTO uc_lst_item_sort(FormSeq,ItemSeq,ItemName,FgPage,FgSykei,FgItem,OrderStr,FieldSykei,FieldSykei2)
				VALUES (113, 2, '相手先（名称）', 0, 0, 0, '(AdName1 + AdName2) COLLATE Japanese_CS_AS_KS_WS ASC, AdName1 COLLATE Japanese_CS_AS_KS_WS ASC, AdName2 COLLATE Japanese_CS_AS_KS_WS ASC', NULL, NULL);
				INSERT INTO uc_lst_item_sort(FormSeq,ItemSeq,ItemName,FgPage,FgSykei,FgItem,OrderStr,FieldSykei,FieldSykei2)
				VALUES (113, 3, '期末現在高（大きい順）', 0, 0, 0, 'Val DESC', NULL, NULL);
				INSERT INTO uc_lst_item_sort(FormSeq,ItemSeq,ItemName,FgPage,FgSykei,FgItem,OrderStr,FieldSykei,FieldSykei2)
				VALUES (113, 4, '期末現在高（小さい順）', 0, 0, 0, 'Val ASC', NULL, NULL);
			end
			set @udcount = 0;
			SELECT @udcount = count(FormSeq) FROM uc_lst_item_sort WHERE FormSeq = 114
			IF(@udcount = 0) begin
				INSERT INTO uc_lst_item_sort(FormSeq,ItemSeq,ItemName,FgPage,FgSykei,FgItem,OrderStr,FieldSykei,FieldSykei2)
				VALUES (114, 0, 'なし', 0, 0, 0, NULL, NULL, NULL);
				INSERT INTO uc_lst_item_sort(FormSeq,ItemSeq,ItemName,FgPage,FgSykei,FgItem,OrderStr,FieldSykei,FieldSykei2)
				VALUES (114, 1, '科目', 1, 1, 1, 'KnOrder ASC', 'KnOrder', NULL);
				INSERT INTO uc_lst_item_sort(FormSeq,ItemSeq,ItemName,FgPage,FgSykei,FgItem,OrderStr,FieldSykei,FieldSykei2)
				VALUES (114, 2, '相手先（名称）', 0, 0, 0, '(AdName1 + AdName2) COLLATE Japanese_CS_AS_KS_WS ASC, AdName1 COLLATE Japanese_CS_AS_KS_WS ASC, AdName2 COLLATE Japanese_CS_AS_KS_WS ASC', NULL, NULL);
				INSERT INTO uc_lst_item_sort(FormSeq,ItemSeq,ItemName,FgPage,FgSykei,FgItem,OrderStr,FieldSykei,FieldSykei2)
				VALUES (114, 3, '期末現在高（大きい順）', 0, 0, 0, 'Val DESC', NULL, NULL);
				INSERT INTO uc_lst_item_sort(FormSeq,ItemSeq,ItemName,FgPage,FgSykei,FgItem,OrderStr,FieldSykei,FieldSykei2)
				VALUES (114, 4, '期末現在高（小さい順）', 0, 0, 0, 'Val ASC', NULL, NULL);
			end
			set @udcount = 0;
			SELECT @udcount = count(FormSeq) FROM uc_lst_item_sort WHERE FormSeq = 115
			IF(@udcount = 0) begin
				INSERT INTO uc_lst_item_sort(FormSeq,ItemSeq,ItemName,FgPage,FgSykei,FgItem,OrderStr,FieldSykei,FieldSykei2)
				VALUES (115, 0, 'なし', 0, 0, 0, NULL, NULL, NULL);
				INSERT INTO uc_lst_item_sort(FormSeq,ItemSeq,ItemName,FgPage,FgSykei,FgItem,OrderStr,FieldSykei,FieldSykei2)
				VALUES (115, 1, '科目', 1, 1, 1, 'KnOrder ASC', 'KnOrder', NULL);
				INSERT INTO uc_lst_item_sort(FormSeq,ItemSeq,ItemName,FgPage,FgSykei,FgItem,OrderStr,FieldSykei,FieldSykei2)
				VALUES (115, 2, '相手先（名称）', 0, 0, 0, '(AdName1 + AdName2) COLLATE Japanese_CS_AS_KS_WS ASC, AdName1 COLLATE Japanese_CS_AS_KS_WS ASC, AdName2 COLLATE Japanese_CS_AS_KS_WS ASC', NULL, NULL);
				INSERT INTO uc_lst_item_sort(FormSeq,ItemSeq,ItemName,FgPage,FgSykei,FgItem,OrderStr,FieldSykei,FieldSykei2)
				VALUES (115, 3, '期末現在高（大きい順）', 0, 0, 0, 'Val DESC', NULL, NULL);
				INSERT INTO uc_lst_item_sort(FormSeq,ItemSeq,ItemName,FgPage,FgSykei,FgItem,OrderStr,FieldSykei,FieldSykei2)
				VALUES (115, 4, '期末現在高（小さい順）', 0, 0, 0, 'Val ASC', NULL, NULL);
			end
			set @udcount = 0;
			SELECT @udcount = count(FormSeq) FROM uc_lst_item_sort WHERE FormSeq = 116
			IF(@udcount = 0) begin
				INSERT INTO uc_lst_item_sort(FormSeq,ItemSeq,ItemName,FgPage,FgSykei,FgItem,OrderStr,FieldSykei,FieldSykei2)
				VALUES (116, 0, 'なし', 0, 0, 0, NULL, NULL, NULL);
				INSERT INTO uc_lst_item_sort(FormSeq,ItemSeq,ItemName,FgPage,FgSykei,FgItem,OrderStr,FieldSykei,FieldSykei2)
				VALUES (116, 1, '科目', 1, 1, 1, 'KnOrder ASC', 'KnOrder', NULL);
				INSERT INTO uc_lst_item_sort(FormSeq,ItemSeq,ItemName,FgPage,FgSykei,FgItem,OrderStr,FieldSykei,FieldSykei2)
				VALUES (116, 2, '相手先（名称）', 0, 0, 0, '(AdName1 + AdName2) COLLATE Japanese_CS_AS_KS_WS ASC, AdName1 COLLATE Japanese_CS_AS_KS_WS ASC, AdName2 COLLATE Japanese_CS_AS_KS_WS ASC', NULL, NULL);
				INSERT INTO uc_lst_item_sort(FormSeq,ItemSeq,ItemName,FgPage,FgSykei,FgItem,OrderStr,FieldSykei,FieldSykei2)
				VALUES (116, 3, '期末現在高（大きい順）', 0, 0, 0, 'Val DESC', NULL, NULL);
				INSERT INTO uc_lst_item_sort(FormSeq,ItemSeq,ItemName,FgPage,FgSykei,FgItem,OrderStr,FieldSykei,FieldSykei2)
				VALUES (116, 4, '期末現在高（小さい順）', 0, 0, 0, 'Val ASC', NULL, NULL);
			end
			set @udcount = 0;
			SELECT @udcount = count(FormSeq) FROM uc_lst_item_sort WHERE FormSeq = 117
			IF(@udcount = 0) begin
				INSERT INTO uc_lst_item_sort(FormSeq,ItemSeq,ItemName,FgPage,FgSykei,FgItem,OrderStr,FieldSykei,FieldSykei2)
				VALUES (117, 0, 'なし', 0, 0, 0, NULL, NULL, NULL);
				INSERT INTO uc_lst_item_sort(FormSeq,ItemSeq,ItemName,FgPage,FgSykei,FgItem,OrderStr,FieldSykei,FieldSykei2)
				VALUES (117, 1, '科目', 1, 1, 1, 'KnOrder ASC', 'KnOrder', NULL);
				INSERT INTO uc_lst_item_sort(FormSeq,ItemSeq,ItemName,FgPage,FgSykei,FgItem,OrderStr,FieldSykei,FieldSykei2)
				VALUES (117, 2, '相手先（名称）', 0, 0, 0, '(AdName1 + AdName2) COLLATE Japanese_CS_AS_KS_WS ASC, AdName1 COLLATE Japanese_CS_AS_KS_WS ASC, AdName2 COLLATE Japanese_CS_AS_KS_WS ASC', NULL, NULL);
				INSERT INTO uc_lst_item_sort(FormSeq,ItemSeq,ItemName,FgPage,FgSykei,FgItem,OrderStr,FieldSykei,FieldSykei2)
				VALUES (117, 3, '期末現在高（大きい順）', 0, 0, 0, 'Val DESC', NULL, NULL);
				INSERT INTO uc_lst_item_sort(FormSeq,ItemSeq,ItemName,FgPage,FgSykei,FgItem,OrderStr,FieldSykei,FieldSykei2)
				VALUES (117, 4, '期末現在高（小さい順）', 0, 0, 0, 'Val ASC', NULL, NULL);
			end
			set @udcount = 0;
			SELECT @udcount = count(FormSeq) FROM uc_lst_item_sort WHERE FormSeq = 118
			IF(@udcount = 0) begin
				INSERT INTO uc_lst_item_sort(FormSeq,ItemSeq,ItemName,FgPage,FgSykei,FgItem,OrderStr,FieldSykei,FieldSykei2)
				VALUES (118, 0, 'なし', 0, 0, 0, NULL, NULL, NULL);
				INSERT INTO uc_lst_item_sort(FormSeq,ItemSeq,ItemName,FgPage,FgSykei,FgItem,OrderStr,FieldSykei,FieldSykei2)
				VALUES (118, 1, '科目', 1, 1, 1, 'KnOrder ASC', 'KnOrder', NULL);
				INSERT INTO uc_lst_item_sort(FormSeq,ItemSeq,ItemName,FgPage,FgSykei,FgItem,OrderStr,FieldSykei,FieldSykei2)
				VALUES (118, 2, '相手先（名称）', 0, 0, 0, '(AdName1 + AdName2) COLLATE Japanese_CS_AS_KS_WS ASC, AdName1 COLLATE Japanese_CS_AS_KS_WS ASC, AdName2 COLLATE Japanese_CS_AS_KS_WS ASC', NULL, NULL);
				INSERT INTO uc_lst_item_sort(FormSeq,ItemSeq,ItemName,FgPage,FgSykei,FgItem,OrderStr,FieldSykei,FieldSykei2)
				VALUES (118, 3, '期末現在高（大きい順）', 0, 0, 0, 'Val DESC', NULL, NULL);
				INSERT INTO uc_lst_item_sort(FormSeq,ItemSeq,ItemName,FgPage,FgSykei,FgItem,OrderStr,FieldSykei,FieldSykei2)
				VALUES (118, 4, '期末現在高（小さい順）', 0, 0, 0, 'Val ASC', NULL, NULL);
			end
			set @udcount = 0;
			SELECT @udcount = count(FormSeq) FROM uc_lst_item_sort WHERE FormSeq = 119
			IF(@udcount = 0) begin
				INSERT INTO uc_lst_item_sort(FormSeq,ItemSeq,ItemName,FgPage,FgSykei,FgItem,OrderStr,FieldSykei,FieldSykei2)
				VALUES (119, 0, 'なし', 0, 0, 0, NULL, NULL, NULL);
				INSERT INTO uc_lst_item_sort(FormSeq,ItemSeq,ItemName,FgPage,FgSykei,FgItem,OrderStr,FieldSykei,FieldSykei2)
				VALUES (119, 1, '科目', 1, 1, 1, 'KnOrder ASC', 'KnOrder', NULL);
				INSERT INTO uc_lst_item_sort(FormSeq,ItemSeq,ItemName,FgPage,FgSykei,FgItem,OrderStr,FieldSykei,FieldSykei2)
				VALUES (119, 2, '相手先（名称）', 0, 0, 0, '(AdName1 + AdName2) COLLATE Japanese_CS_AS_KS_WS ASC, AdName1 COLLATE Japanese_CS_AS_KS_WS ASC, AdName2 COLLATE Japanese_CS_AS_KS_WS ASC', NULL, NULL);
				INSERT INTO uc_lst_item_sort(FormSeq,ItemSeq,ItemName,FgPage,FgSykei,FgItem,OrderStr,FieldSykei,FieldSykei2)
				VALUES (119, 3, '期末現在高（大きい順）', 0, 0, 0, 'Val DESC', NULL, NULL);
				INSERT INTO uc_lst_item_sort(FormSeq,ItemSeq,ItemName,FgPage,FgSykei,FgItem,OrderStr,FieldSykei,FieldSykei2)
				VALUES (119, 4, '期末現在高（小さい順）', 0, 0, 0, 'Val ASC', NULL, NULL);
			end
			set @udcount = 0;
			SELECT @udcount = count(FormSeq) FROM uc_lst_item_sort WHERE FormSeq = 120
			IF(@udcount = 0) begin
				INSERT INTO uc_lst_item_sort(FormSeq,ItemSeq,ItemName,FgPage,FgSykei,FgItem,OrderStr,FieldSykei,FieldSykei2)
				VALUES (120, 0, 'なし', 0, 0, 0, NULL, NULL, NULL);
				INSERT INTO uc_lst_item_sort(FormSeq,ItemSeq,ItemName,FgPage,FgSykei,FgItem,OrderStr,FieldSykei,FieldSykei2)
				VALUES (120, 1, '科目', 1, 1, 1, 'KnOrder ASC', 'KnOrder', NULL);
				INSERT INTO uc_lst_item_sort(FormSeq,ItemSeq,ItemName,FgPage,FgSykei,FgItem,OrderStr,FieldSykei,FieldSykei2)
				VALUES (120, 2, '相手先（名称）', 0, 0, 0, '(AdName1 + AdName2) COLLATE Japanese_CS_AS_KS_WS ASC, AdName1 COLLATE Japanese_CS_AS_KS_WS ASC, AdName2 COLLATE Japanese_CS_AS_KS_WS ASC', NULL, NULL);
				INSERT INTO uc_lst_item_sort(FormSeq,ItemSeq,ItemName,FgPage,FgSykei,FgItem,OrderStr,FieldSykei,FieldSykei2)
				VALUES (120, 3, '期末現在高（大きい順）', 0, 0, 0, 'Val DESC', NULL, NULL);
				INSERT INTO uc_lst_item_sort(FormSeq,ItemSeq,ItemName,FgPage,FgSykei,FgItem,OrderStr,FieldSykei,FieldSykei2)
				VALUES (120, 4, '期末現在高（小さい順）', 0, 0, 0, 'Val ASC', NULL, NULL);
			end
			set @udcount = 0;
			SELECT @udcount = count(FormSeq) FROM uc_lst_item_sort WHERE FormSeq = 206
			IF(@udcount = 0) begin
				INSERT INTO uc_lst_item_sort(FormSeq,ItemSeq,ItemName,FgPage,FgSykei,FgItem,OrderStr,FieldSykei,FieldSykei2)
				VALUES (206, 0, 'なし', 0, 0, 0, NULL, NULL, NULL);
				INSERT INTO uc_lst_item_sort(FormSeq,ItemSeq,ItemName,FgPage,FgSykei,FgItem,OrderStr,FieldSykei,FieldSykei2)
				VALUES (206, 1, '科目', 1, 1, 1, 'KnOrder ASC', 'KnOrder', NULL);
				INSERT INTO uc_lst_item_sort(FormSeq,ItemSeq,ItemName,FgPage,FgSykei,FgItem,OrderStr,FieldSykei,FieldSykei2)
				VALUES (206, 2, '期末現在高（大きい順）', 0, 0, 0, 'Val DESC', NULL, NULL);
				INSERT INTO uc_lst_item_sort(FormSeq,ItemSeq,ItemName,FgPage,FgSykei,FgItem,OrderStr,FieldSykei,FieldSykei2)
				VALUES (206, 3, '期末現在高（小さい順）', 0, 0, 0, 'Val ASC', NULL, NULL);
			end
			set @udcount = 0;
			SELECT @udcount = count(FormSeq) FROM uc_lst_item_sort WHERE FormSeq = 207
			IF(@udcount = 0) begin
				INSERT INTO uc_lst_item_sort(FormSeq,ItemSeq,ItemName,FgPage,FgSykei,FgItem,OrderStr,FieldSykei,FieldSykei2)
				VALUES (207, 0, 'なし', 0, 0, 0, NULL, NULL, NULL);
				INSERT INTO uc_lst_item_sort(FormSeq,ItemSeq,ItemName,FgPage,FgSykei,FgItem,OrderStr,FieldSykei,FieldSykei2)
				VALUES (207, 1, '科目', 1, 1, 1, 'KnOrder ASC', 'KnOrder', NULL);
				INSERT INTO uc_lst_item_sort(FormSeq,ItemSeq,ItemName,FgPage,FgSykei,FgItem,OrderStr,FieldSykei,FieldSykei2)
				VALUES (207, 2, '期末現在高（大きい順）', 0, 0, 0, 'Val DESC', NULL, NULL);
				INSERT INTO uc_lst_item_sort(FormSeq,ItemSeq,ItemName,FgPage,FgSykei,FgItem,OrderStr,FieldSykei,FieldSykei2)
				VALUES (207, 3, '期末現在高（小さい順）', 0, 0, 0, 'Val ASC', NULL, NULL);
			end
			set @udcount = 0;
			SELECT @udcount = count(FormSeq) FROM uc_lst_item_sort WHERE FormSeq = 208
			IF(@udcount = 0) begin
				INSERT INTO uc_lst_item_sort(FormSeq,ItemSeq,ItemName,FgPage,FgSykei,FgItem,OrderStr,FieldSykei,FieldSykei2)
				VALUES (208, 0, 'なし', 0, 0, 0, NULL, NULL, NULL);
				INSERT INTO uc_lst_item_sort(FormSeq,ItemSeq,ItemName,FgPage,FgSykei,FgItem,OrderStr,FieldSykei,FieldSykei2)
				VALUES (208, 1, '科目', 1, 1, 1, 'KnOrder ASC', 'KnOrder', NULL);
				INSERT INTO uc_lst_item_sort(FormSeq,ItemSeq,ItemName,FgPage,FgSykei,FgItem,OrderStr,FieldSykei,FieldSykei2)
				VALUES (208, 2, '期末現在高（大きい順）', 0, 0, 0, 'Val DESC', NULL, NULL);
				INSERT INTO uc_lst_item_sort(FormSeq,ItemSeq,ItemName,FgPage,FgSykei,FgItem,OrderStr,FieldSykei,FieldSykei2)
				VALUES (208, 3, '期末現在高（小さい順）', 0, 0, 0, 'Val ASC', NULL, NULL);
			end
			set @udcount = 0;
			SELECT @udcount = count(FormSeq) FROM uc_lst_item_sort WHERE FormSeq = 209
			IF(@udcount = 0) begin
				INSERT INTO uc_lst_item_sort(FormSeq,ItemSeq,ItemName,FgPage,FgSykei,FgItem,OrderStr,FieldSykei,FieldSykei2)
				VALUES (209, 0, 'なし', 0, 0, 0, NULL, NULL, NULL);
				INSERT INTO uc_lst_item_sort(FormSeq,ItemSeq,ItemName,FgPage,FgSykei,FgItem,OrderStr,FieldSykei,FieldSykei2)
				VALUES (209, 1, '科目', 1, 1, 1, 'KnOrder ASC', 'KnOrder', NULL);
				INSERT INTO uc_lst_item_sort(FormSeq,ItemSeq,ItemName,FgPage,FgSykei,FgItem,OrderStr,FieldSykei,FieldSykei2)
				VALUES (209, 2, '期末現在高（大きい順）', 0, 0, 0, 'Val DESC', NULL, NULL);
				INSERT INTO uc_lst_item_sort(FormSeq,ItemSeq,ItemName,FgPage,FgSykei,FgItem,OrderStr,FieldSykei,FieldSykei2)
				VALUES (209, 3, '期末現在高（小さい順）', 0, 0, 0, 'Val ASC', NULL, NULL);
			end
			set @udcount = 0;
			SELECT @udcount = count(FormSeq) FROM uc_lst_item_sort WHERE FormSeq = 210
			IF(@udcount = 0) begin
				INSERT INTO uc_lst_item_sort(FormSeq,ItemSeq,ItemName,FgPage,FgSykei,FgItem,OrderStr,FieldSykei,FieldSykei2)
				VALUES (210, 0, 'なし', 0, 0, 0, NULL, NULL, NULL);
				INSERT INTO uc_lst_item_sort(FormSeq,ItemSeq,ItemName,FgPage,FgSykei,FgItem,OrderStr,FieldSykei,FieldSykei2)
				VALUES (210, 1, '科目', 1, 1, 1, 'KnOrder ASC', 'KnOrder', NULL);
				INSERT INTO uc_lst_item_sort(FormSeq,ItemSeq,ItemName,FgPage,FgSykei,FgItem,OrderStr,FieldSykei,FieldSykei2)
				VALUES (210, 2, '期末現在高（大きい順）', 0, 0, 0, 'Val DESC', NULL, NULL);
				INSERT INTO uc_lst_item_sort(FormSeq,ItemSeq,ItemName,FgPage,FgSykei,FgItem,OrderStr,FieldSykei,FieldSykei2)
				VALUES (210, 3, '期末現在高（小さい順）', 0, 0, 0, 'Val ASC', NULL, NULL);
			end
			set @udcount = 0;
			SELECT @udcount = count(FormSeq) FROM uc_lst_item_sort WHERE FormSeq = 211
			IF(@udcount = 0) begin
				INSERT INTO uc_lst_item_sort(FormSeq,ItemSeq,ItemName,FgPage,FgSykei,FgItem,OrderStr,FieldSykei,FieldSykei2)
				VALUES (211, 0, 'なし', 0, 0, 0, NULL, NULL, NULL);
				INSERT INTO uc_lst_item_sort(FormSeq,ItemSeq,ItemName,FgPage,FgSykei,FgItem,OrderStr,FieldSykei,FieldSykei2)
				VALUES (211, 1, '科目', 1, 1, 1, 'KnOrder ASC', 'KnOrder', NULL);
				INSERT INTO uc_lst_item_sort(FormSeq,ItemSeq,ItemName,FgPage,FgSykei,FgItem,OrderStr,FieldSykei,FieldSykei2)
				VALUES (211, 2, '期末現在高（大きい順）', 0, 0, 0, 'Val DESC', NULL, NULL);
				INSERT INTO uc_lst_item_sort(FormSeq,ItemSeq,ItemName,FgPage,FgSykei,FgItem,OrderStr,FieldSykei,FieldSykei2)
				VALUES (211, 3, '期末現在高（小さい順）', 0, 0, 0, 'Val ASC', NULL, NULL);
			end
			set @udcount = 0;
			SELECT @udcount = count(FormSeq) FROM uc_lst_item_sort WHERE FormSeq = 212
			IF(@udcount = 0) begin
				INSERT INTO uc_lst_item_sort(FormSeq,ItemSeq,ItemName,FgPage,FgSykei,FgItem,OrderStr,FieldSykei,FieldSykei2)
				VALUES (212, 0, 'なし', 0, 0, 0, NULL, NULL, NULL);
				INSERT INTO uc_lst_item_sort(FormSeq,ItemSeq,ItemName,FgPage,FgSykei,FgItem,OrderStr,FieldSykei,FieldSykei2)
				VALUES (212, 1, '科目', 1, 1, 1, 'KnOrder ASC', 'KnOrder', NULL);
				INSERT INTO uc_lst_item_sort(FormSeq,ItemSeq,ItemName,FgPage,FgSykei,FgItem,OrderStr,FieldSykei,FieldSykei2)
				VALUES (212, 2, '期末現在高（大きい順）', 0, 0, 0, 'Val DESC', NULL, NULL);
				INSERT INTO uc_lst_item_sort(FormSeq,ItemSeq,ItemName,FgPage,FgSykei,FgItem,OrderStr,FieldSykei,FieldSykei2)
				VALUES (212, 3, '期末現在高（小さい順）', 0, 0, 0, 'Val ASC', NULL, NULL);
			end
			set @udcount = 0;
			SELECT @udcount = count(FormSeq) FROM uc_lst_item_sort WHERE FormSeq = 213
			IF(@udcount = 0) begin
				INSERT INTO uc_lst_item_sort(FormSeq,ItemSeq,ItemName,FgPage,FgSykei,FgItem,OrderStr,FieldSykei,FieldSykei2)
				VALUES (213, 0, 'なし', 0, 0, 0, NULL, NULL, NULL);
				INSERT INTO uc_lst_item_sort(FormSeq,ItemSeq,ItemName,FgPage,FgSykei,FgItem,OrderStr,FieldSykei,FieldSykei2)
				VALUES (213, 1, '科目', 1, 1, 1, 'KnOrder ASC', 'KnOrder', NULL);
				INSERT INTO uc_lst_item_sort(FormSeq,ItemSeq,ItemName,FgPage,FgSykei,FgItem,OrderStr,FieldSykei,FieldSykei2)
				VALUES (213, 2, '期末現在高（大きい順）', 0, 0, 0, 'Val DESC', NULL, NULL);
				INSERT INTO uc_lst_item_sort(FormSeq,ItemSeq,ItemName,FgPage,FgSykei,FgItem,OrderStr,FieldSykei,FieldSykei2)
				VALUES (213, 3, '期末現在高（小さい順）', 0, 0, 0, 'Val ASC', NULL, NULL);
			end
			set @udcount = 0;
			SELECT @udcount = count(FormSeq) FROM uc_lst_item_sort WHERE FormSeq = 214
			IF(@udcount = 0) begin
				INSERT INTO uc_lst_item_sort(FormSeq,ItemSeq,ItemName,FgPage,FgSykei,FgItem,OrderStr,FieldSykei,FieldSykei2)
				VALUES (214, 0, 'なし', 0, 0, 0, NULL, NULL, NULL);
				INSERT INTO uc_lst_item_sort(FormSeq,ItemSeq,ItemName,FgPage,FgSykei,FgItem,OrderStr,FieldSykei,FieldSykei2)
				VALUES (214, 1, '科目', 1, 1, 1, 'KnOrder ASC', 'KnOrder', NULL);
				INSERT INTO uc_lst_item_sort(FormSeq,ItemSeq,ItemName,FgPage,FgSykei,FgItem,OrderStr,FieldSykei,FieldSykei2)
				VALUES (214, 2, '期末現在高（大きい順）', 0, 0, 0, 'Val DESC', NULL, NULL);
				INSERT INTO uc_lst_item_sort(FormSeq,ItemSeq,ItemName,FgPage,FgSykei,FgItem,OrderStr,FieldSykei,FieldSykei2)
				VALUES (214, 3, '期末現在高（小さい順）', 0, 0, 0, 'Val ASC', NULL, NULL);
			end
			set @udcount = 0;
			SELECT @udcount = count(FormSeq) FROM uc_lst_item_sort WHERE FormSeq = 215
			IF(@udcount = 0) begin
				INSERT INTO uc_lst_item_sort(FormSeq,ItemSeq,ItemName,FgPage,FgSykei,FgItem,OrderStr,FieldSykei,FieldSykei2)
				VALUES (215, 0, 'なし', 0, 0, 0, NULL, NULL, NULL);
				INSERT INTO uc_lst_item_sort(FormSeq,ItemSeq,ItemName,FgPage,FgSykei,FgItem,OrderStr,FieldSykei,FieldSykei2)
				VALUES (215, 1, '科目', 1, 1, 1, 'KnOrder ASC', 'KnOrder', NULL);
				INSERT INTO uc_lst_item_sort(FormSeq,ItemSeq,ItemName,FgPage,FgSykei,FgItem,OrderStr,FieldSykei,FieldSykei2)
				VALUES (215, 2, '期末現在高（大きい順）', 0, 0, 0, 'Val DESC', NULL, NULL);
				INSERT INTO uc_lst_item_sort(FormSeq,ItemSeq,ItemName,FgPage,FgSykei,FgItem,OrderStr,FieldSykei,FieldSykei2)
				VALUES (215, 3, '期末現在高（小さい順）', 0, 0, 0, 'Val ASC', NULL, NULL);
			end
			set @udcount = 0;
			SELECT @udcount = count(FormSeq) FROM uc_lst_item_sort WHERE FormSeq = 216
			IF(@udcount = 0) begin
				INSERT INTO uc_lst_item_sort(FormSeq,ItemSeq,ItemName,FgPage,FgSykei,FgItem,OrderStr,FieldSykei,FieldSykei2)
				VALUES (216, 0, 'なし', 0, 0, 0, NULL, NULL, NULL);
				INSERT INTO uc_lst_item_sort(FormSeq,ItemSeq,ItemName,FgPage,FgSykei,FgItem,OrderStr,FieldSykei,FieldSykei2)
				VALUES (216, 1, '科目', 1, 1, 1, 'KnOrder ASC', 'KnOrder', NULL);
				INSERT INTO uc_lst_item_sort(FormSeq,ItemSeq,ItemName,FgPage,FgSykei,FgItem,OrderStr,FieldSykei,FieldSykei2)
				VALUES (216, 2, '期末現在高（大きい順）', 0, 0, 0, 'Val DESC', NULL, NULL);
				INSERT INTO uc_lst_item_sort(FormSeq,ItemSeq,ItemName,FgPage,FgSykei,FgItem,OrderStr,FieldSykei,FieldSykei2)
				VALUES (216, 3, '期末現在高（小さい順）', 0, 0, 0, 'Val ASC', NULL, NULL);
			end
			set @udcount = 0;
			SELECT @udcount = count(FormSeq) FROM uc_lst_item_sort WHERE FormSeq = 217
			IF(@udcount = 0) begin
				INSERT INTO uc_lst_item_sort(FormSeq,ItemSeq,ItemName,FgPage,FgSykei,FgItem,OrderStr,FieldSykei,FieldSykei2)
				VALUES (217, 0, 'なし', 0, 0, 0, NULL, NULL, NULL);
				INSERT INTO uc_lst_item_sort(FormSeq,ItemSeq,ItemName,FgPage,FgSykei,FgItem,OrderStr,FieldSykei,FieldSykei2)
				VALUES (217, 1, '科目', 1, 1, 1, 'KnOrder ASC', 'KnOrder', NULL);
				INSERT INTO uc_lst_item_sort(FormSeq,ItemSeq,ItemName,FgPage,FgSykei,FgItem,OrderStr,FieldSykei,FieldSykei2)
				VALUES (217, 2, '期末現在高（大きい順）', 0, 0, 0, 'Val DESC', NULL, NULL);
				INSERT INTO uc_lst_item_sort(FormSeq,ItemSeq,ItemName,FgPage,FgSykei,FgItem,OrderStr,FieldSykei,FieldSykei2)
				VALUES (217, 3, '期末現在高（小さい順）', 0, 0, 0, 'Val ASC', NULL, NULL);
			end
			set @udcount = 0;
			SELECT @udcount = count(FormSeq) FROM uc_lst_item_sort WHERE FormSeq = 218
			IF(@udcount = 0) begin
				INSERT INTO uc_lst_item_sort(FormSeq,ItemSeq,ItemName,FgPage,FgSykei,FgItem,OrderStr,FieldSykei,FieldSykei2)
				VALUES (218, 0, 'なし', 0, 0, 0, NULL, NULL, NULL);
				INSERT INTO uc_lst_item_sort(FormSeq,ItemSeq,ItemName,FgPage,FgSykei,FgItem,OrderStr,FieldSykei,FieldSykei2)
				VALUES (218, 1, '科目', 1, 1, 1, 'KnOrder ASC', 'KnOrder', NULL);
				INSERT INTO uc_lst_item_sort(FormSeq,ItemSeq,ItemName,FgPage,FgSykei,FgItem,OrderStr,FieldSykei,FieldSykei2)
				VALUES (218, 2, '期末現在高（大きい順）', 0, 0, 0, 'Val DESC', NULL, NULL);
				INSERT INTO uc_lst_item_sort(FormSeq,ItemSeq,ItemName,FgPage,FgSykei,FgItem,OrderStr,FieldSykei,FieldSykei2)
				VALUES (218, 3, '期末現在高（小さい順）', 0, 0, 0, 'Val ASC', NULL, NULL);
			end
			set @udcount = 0;
			SELECT @udcount = count(FormSeq) FROM uc_lst_item_sort WHERE FormSeq = 219
			IF(@udcount = 0) begin
				INSERT INTO uc_lst_item_sort(FormSeq,ItemSeq,ItemName,FgPage,FgSykei,FgItem,OrderStr,FieldSykei,FieldSykei2)
				VALUES (219, 0, 'なし', 0, 0, 0, NULL, NULL, NULL);
				INSERT INTO uc_lst_item_sort(FormSeq,ItemSeq,ItemName,FgPage,FgSykei,FgItem,OrderStr,FieldSykei,FieldSykei2)
				VALUES (219, 1, '科目', 1, 1, 1, 'KnOrder ASC', 'KnOrder', NULL);
				INSERT INTO uc_lst_item_sort(FormSeq,ItemSeq,ItemName,FgPage,FgSykei,FgItem,OrderStr,FieldSykei,FieldSykei2)
				VALUES (219, 2, '期末現在高（大きい順）', 0, 0, 0, 'Val DESC', NULL, NULL);
				INSERT INTO uc_lst_item_sort(FormSeq,ItemSeq,ItemName,FgPage,FgSykei,FgItem,OrderStr,FieldSykei,FieldSykei2)
				VALUES (219, 3, '期末現在高（小さい順）', 0, 0, 0, 'Val ASC', NULL, NULL);
			end
			set @udcount = 0;
			SELECT @udcount = count(FormSeq) FROM uc_lst_item_sort WHERE FormSeq = 220
			IF(@udcount = 0) begin
				INSERT INTO uc_lst_item_sort(FormSeq,ItemSeq,ItemName,FgPage,FgSykei,FgItem,OrderStr,FieldSykei,FieldSykei2)
				VALUES (220, 0, 'なし', 0, 0, 0, NULL, NULL, NULL);
				INSERT INTO uc_lst_item_sort(FormSeq,ItemSeq,ItemName,FgPage,FgSykei,FgItem,OrderStr,FieldSykei,FieldSykei2)
				VALUES (220, 1, '科目', 1, 1, 1, 'KnOrder ASC', 'KnOrder', NULL);
				INSERT INTO uc_lst_item_sort(FormSeq,ItemSeq,ItemName,FgPage,FgSykei,FgItem,OrderStr,FieldSykei,FieldSykei2)
				VALUES (220, 2, '期末現在高（大きい順）', 0, 0, 0, 'Val DESC', NULL, NULL);
				INSERT INTO uc_lst_item_sort(FormSeq,ItemSeq,ItemName,FgPage,FgSykei,FgItem,OrderStr,FieldSykei,FieldSykei2)
				VALUES (220, 3, '期末現在高（小さい順）', 0, 0, 0, 'Val ASC', NULL, NULL);
			end

			-- uc_ren_main
			set @udcount = 0;
			SELECT @udcount = count(FormSeq) FROM uc_ren_main WHERE FormSeq = 106
			IF(@udcount = 0)
				INSERT INTO uc_ren_main(FormSeq,OpRenType,OpRenTypeKz,OpRenTypeEz,OpRenTypeDa,OpRenTypeKs,OpTkcodFrom,OpTkcodTo,OpOutZeroEn,OpGassan,OpUpdType,OpOldRenType)
				VALUES (106, 0, 1, 1, 1, 0, 0, 0, 1, 1, 0, -1);
			set @udcount = 0;
			SELECT @udcount = count(FormSeq) FROM uc_ren_main WHERE FormSeq = 107
			IF(@udcount = 0)
				INSERT INTO uc_ren_main(FormSeq,OpRenType,OpRenTypeKz,OpRenTypeEz,OpRenTypeDa,OpRenTypeKs,OpTkcodFrom,OpTkcodTo,OpOutZeroEn,OpGassan,OpUpdType,OpOldRenType)
				VALUES (107, 0, 1, 1, 1, 0, 0, 0, 1, 1, 0, -1);
			set @udcount = 0;
			SELECT @udcount = count(FormSeq) FROM uc_ren_main WHERE FormSeq = 108
			IF(@udcount = 0)
				INSERT INTO uc_ren_main(FormSeq,OpRenType,OpRenTypeKz,OpRenTypeEz,OpRenTypeDa,OpRenTypeKs,OpTkcodFrom,OpTkcodTo,OpOutZeroEn,OpGassan,OpUpdType,OpOldRenType)
				VALUES (108, 0, 1, 1, 1, 0, 0, 0, 1, 1, 0, -1);
			set @udcount = 0;
			SELECT @udcount = count(FormSeq) FROM uc_ren_main WHERE FormSeq = 109
			IF(@udcount = 0)
				INSERT INTO uc_ren_main(FormSeq,OpRenType,OpRenTypeKz,OpRenTypeEz,OpRenTypeDa,OpRenTypeKs,OpTkcodFrom,OpTkcodTo,OpOutZeroEn,OpGassan,OpUpdType,OpOldRenType)
				VALUES (109, 0, 1, 1, 1, 0, 0, 0, 1, 1, 0, -1);
			set @udcount = 0;
			SELECT @udcount = count(FormSeq) FROM uc_ren_main WHERE FormSeq = 110
			IF(@udcount = 0)
				INSERT INTO uc_ren_main(FormSeq,OpRenType,OpRenTypeKz,OpRenTypeEz,OpRenTypeDa,OpRenTypeKs,OpTkcodFrom,OpTkcodTo,OpOutZeroEn,OpGassan,OpUpdType,OpOldRenType)
				VALUES (110, 0, 1, 1, 1, 0, 0, 0, 1, 1, 0, -1);
			set @udcount = 0;
			SELECT @udcount = count(FormSeq) FROM uc_ren_main WHERE FormSeq = 111
			IF(@udcount = 0)
				INSERT INTO uc_ren_main(FormSeq,OpRenType,OpRenTypeKz,OpRenTypeEz,OpRenTypeDa,OpRenTypeKs,OpTkcodFrom,OpTkcodTo,OpOutZeroEn,OpGassan,OpUpdType,OpOldRenType)
				VALUES (111, 0, 1, 1, 1, 0, 0, 0, 1, 1, 0, -1);
			set @udcount = 0;
			SELECT @udcount = count(FormSeq) FROM uc_ren_main WHERE FormSeq = 112
			IF(@udcount = 0)
				INSERT INTO uc_ren_main(FormSeq,OpRenType,OpRenTypeKz,OpRenTypeEz,OpRenTypeDa,OpRenTypeKs,OpTkcodFrom,OpTkcodTo,OpOutZeroEn,OpGassan,OpUpdType,OpOldRenType)
				VALUES (112, 0, 1, 1, 1, 0, 0, 0, 1, 1, 0, -1);
			set @udcount = 0;
			SELECT @udcount = count(FormSeq) FROM uc_ren_main WHERE FormSeq = 113
			IF(@udcount = 0)
				INSERT INTO uc_ren_main(FormSeq,OpRenType,OpRenTypeKz,OpRenTypeEz,OpRenTypeDa,OpRenTypeKs,OpTkcodFrom,OpTkcodTo,OpOutZeroEn,OpGassan,OpUpdType,OpOldRenType)
				VALUES (113, 0, 1, 1, 1, 0, 0, 0, 1, 1, 0, -1);
			set @udcount = 0;
			SELECT @udcount = count(FormSeq) FROM uc_ren_main WHERE FormSeq = 114
			IF(@udcount = 0)
				INSERT INTO uc_ren_main(FormSeq,OpRenType,OpRenTypeKz,OpRenTypeEz,OpRenTypeDa,OpRenTypeKs,OpTkcodFrom,OpTkcodTo,OpOutZeroEn,OpGassan,OpUpdType,OpOldRenType)
				VALUES (114, 0, 1, 1, 1, 0, 0, 0, 1, 1, 0, -1);
			set @udcount = 0;
			SELECT @udcount = count(FormSeq) FROM uc_ren_main WHERE FormSeq = 115
			IF(@udcount = 0)
				INSERT INTO uc_ren_main(FormSeq,OpRenType,OpRenTypeKz,OpRenTypeEz,OpRenTypeDa,OpRenTypeKs,OpTkcodFrom,OpTkcodTo,OpOutZeroEn,OpGassan,OpUpdType,OpOldRenType)
				VALUES (115, 0, 1, 1, 1, 0, 0, 0, 1, 1, 0, -1);
			set @udcount = 0;
			SELECT @udcount = count(FormSeq) FROM uc_ren_main WHERE FormSeq = 116
			IF(@udcount = 0)
				INSERT INTO uc_ren_main(FormSeq,OpRenType,OpRenTypeKz,OpRenTypeEz,OpRenTypeDa,OpRenTypeKs,OpTkcodFrom,OpTkcodTo,OpOutZeroEn,OpGassan,OpUpdType,OpOldRenType)
				VALUES (116, 0, 1, 1, 1, 0, 0, 0, 1, 1, 0, -1);
			set @udcount = 0;
			SELECT @udcount = count(FormSeq) FROM uc_ren_main WHERE FormSeq = 117
			IF(@udcount = 0)
				INSERT INTO uc_ren_main(FormSeq,OpRenType,OpRenTypeKz,OpRenTypeEz,OpRenTypeDa,OpRenTypeKs,OpTkcodFrom,OpTkcodTo,OpOutZeroEn,OpGassan,OpUpdType,OpOldRenType)
				VALUES (117, 0, 1, 1, 1, 0, 0, 0, 1, 1, 0, -1);
			set @udcount = 0;
			SELECT @udcount = count(FormSeq) FROM uc_ren_main WHERE FormSeq = 118
			IF(@udcount = 0)
				INSERT INTO uc_ren_main(FormSeq,OpRenType,OpRenTypeKz,OpRenTypeEz,OpRenTypeDa,OpRenTypeKs,OpTkcodFrom,OpTkcodTo,OpOutZeroEn,OpGassan,OpUpdType,OpOldRenType)
				VALUES (118, 0, 1, 1, 1, 0, 0, 0, 1, 1, 0, -1);
			set @udcount = 0;
			SELECT @udcount = count(FormSeq) FROM uc_ren_main WHERE FormSeq = 119
			IF(@udcount = 0)
				INSERT INTO uc_ren_main(FormSeq,OpRenType,OpRenTypeKz,OpRenTypeEz,OpRenTypeDa,OpRenTypeKs,OpTkcodFrom,OpTkcodTo,OpOutZeroEn,OpGassan,OpUpdType,OpOldRenType)
				VALUES (119, 0, 1, 1, 1, 0, 0, 0, 1, 1, 0, -1);
			set @udcount = 0;
			SELECT @udcount = count(FormSeq) FROM uc_ren_main WHERE FormSeq = 120
			IF(@udcount = 0)
				INSERT INTO uc_ren_main(FormSeq,OpRenType,OpRenTypeKz,OpRenTypeEz,OpRenTypeDa,OpRenTypeKs,OpTkcodFrom,OpTkcodTo,OpOutZeroEn,OpGassan,OpUpdType,OpOldRenType)
				VALUES (120, 0, 1, 1, 1, 0, 0, 0, 1, 1, 0, -1);
			set @udcount = 0;
			SELECT @udcount = count(FormSeq) FROM uc_ren_main WHERE FormSeq = 206
			IF(@udcount = 0)
				INSERT INTO uc_ren_main(FormSeq,OpRenType,OpRenTypeKz,OpRenTypeEz,OpRenTypeDa,OpRenTypeKs,OpTkcodFrom,OpTkcodTo,OpOutZeroEn,OpGassan,OpUpdType,OpOldRenType)
				VALUES (206, 0, 1, 1, 1, 0, 0, 0, 1, 1, 0, -1);
			set @udcount = 0;
			SELECT @udcount = count(FormSeq) FROM uc_ren_main WHERE FormSeq = 207
			IF(@udcount = 0)
				INSERT INTO uc_ren_main(FormSeq,OpRenType,OpRenTypeKz,OpRenTypeEz,OpRenTypeDa,OpRenTypeKs,OpTkcodFrom,OpTkcodTo,OpOutZeroEn,OpGassan,OpUpdType,OpOldRenType)
				VALUES (207, 0, 1, 1, 1, 0, 0, 0, 1, 1, 0, -1);
			set @udcount = 0;
			SELECT @udcount = count(FormSeq) FROM uc_ren_main WHERE FormSeq = 208
			IF(@udcount = 0)
				INSERT INTO uc_ren_main(FormSeq,OpRenType,OpRenTypeKz,OpRenTypeEz,OpRenTypeDa,OpRenTypeKs,OpTkcodFrom,OpTkcodTo,OpOutZeroEn,OpGassan,OpUpdType,OpOldRenType)
				VALUES (208, 0, 1, 1, 1, 0, 0, 0, 1, 1, 0, -1);
			set @udcount = 0;
			SELECT @udcount = count(FormSeq) FROM uc_ren_main WHERE FormSeq = 209
			IF(@udcount = 0)
				INSERT INTO uc_ren_main(FormSeq,OpRenType,OpRenTypeKz,OpRenTypeEz,OpRenTypeDa,OpRenTypeKs,OpTkcodFrom,OpTkcodTo,OpOutZeroEn,OpGassan,OpUpdType,OpOldRenType)
				VALUES (209, 0, 1, 1, 1, 0, 0, 0, 1, 1, 0, -1);
			set @udcount = 0;
			SELECT @udcount = count(FormSeq) FROM uc_ren_main WHERE FormSeq = 210
			IF(@udcount = 0)
				INSERT INTO uc_ren_main(FormSeq,OpRenType,OpRenTypeKz,OpRenTypeEz,OpRenTypeDa,OpRenTypeKs,OpTkcodFrom,OpTkcodTo,OpOutZeroEn,OpGassan,OpUpdType,OpOldRenType)
				VALUES (210, 0, 1, 1, 1, 0, 0, 0, 1, 1, 0, -1);
			set @udcount = 0;
			SELECT @udcount = count(FormSeq) FROM uc_ren_main WHERE FormSeq = 211
			IF(@udcount = 0)
				INSERT INTO uc_ren_main(FormSeq,OpRenType,OpRenTypeKz,OpRenTypeEz,OpRenTypeDa,OpRenTypeKs,OpTkcodFrom,OpTkcodTo,OpOutZeroEn,OpGassan,OpUpdType,OpOldRenType)
				VALUES (211, 0, 1, 1, 1, 0, 0, 0, 1, 1, 0, -1);
			set @udcount = 0;
			SELECT @udcount = count(FormSeq) FROM uc_ren_main WHERE FormSeq = 212
			IF(@udcount = 0)
				INSERT INTO uc_ren_main(FormSeq,OpRenType,OpRenTypeKz,OpRenTypeEz,OpRenTypeDa,OpRenTypeKs,OpTkcodFrom,OpTkcodTo,OpOutZeroEn,OpGassan,OpUpdType,OpOldRenType)
				VALUES (212, 0, 1, 1, 1, 0, 0, 0, 1, 1, 0, -1);
			set @udcount = 0;
			SELECT @udcount = count(FormSeq) FROM uc_ren_main WHERE FormSeq = 213
			IF(@udcount = 0)
				INSERT INTO uc_ren_main(FormSeq,OpRenType,OpRenTypeKz,OpRenTypeEz,OpRenTypeDa,OpRenTypeKs,OpTkcodFrom,OpTkcodTo,OpOutZeroEn,OpGassan,OpUpdType,OpOldRenType)
				VALUES (213, 0, 1, 1, 1, 0, 0, 0, 1, 1, 0, -1);
			set @udcount = 0;
			SELECT @udcount = count(FormSeq) FROM uc_ren_main WHERE FormSeq = 214
			IF(@udcount = 0)
				INSERT INTO uc_ren_main(FormSeq,OpRenType,OpRenTypeKz,OpRenTypeEz,OpRenTypeDa,OpRenTypeKs,OpTkcodFrom,OpTkcodTo,OpOutZeroEn,OpGassan,OpUpdType,OpOldRenType)
				VALUES (214, 0, 1, 1, 1, 0, 0, 0, 1, 1, 0, -1);
			set @udcount = 0;
			SELECT @udcount = count(FormSeq) FROM uc_ren_main WHERE FormSeq = 215
			IF(@udcount = 0)
				INSERT INTO uc_ren_main(FormSeq,OpRenType,OpRenTypeKz,OpRenTypeEz,OpRenTypeDa,OpRenTypeKs,OpTkcodFrom,OpTkcodTo,OpOutZeroEn,OpGassan,OpUpdType,OpOldRenType)
				VALUES (215, 0, 1, 1, 1, 0, 0, 0, 1, 1, 0, -1);
			set @udcount = 0;
			SELECT @udcount = count(FormSeq) FROM uc_ren_main WHERE FormSeq = 216
			IF(@udcount = 0)
				INSERT INTO uc_ren_main(FormSeq,OpRenType,OpRenTypeKz,OpRenTypeEz,OpRenTypeDa,OpRenTypeKs,OpTkcodFrom,OpTkcodTo,OpOutZeroEn,OpGassan,OpUpdType,OpOldRenType)
				VALUES (216, 0, 1, 1, 1, 0, 0, 0, 1, 1, 0, -1);
			set @udcount = 0;
			SELECT @udcount = count(FormSeq) FROM uc_ren_main WHERE FormSeq = 217
			IF(@udcount = 0)
				INSERT INTO uc_ren_main(FormSeq,OpRenType,OpRenTypeKz,OpRenTypeEz,OpRenTypeDa,OpRenTypeKs,OpTkcodFrom,OpTkcodTo,OpOutZeroEn,OpGassan,OpUpdType,OpOldRenType)
				VALUES (217, 0, 1, 1, 1, 0, 0, 0, 1, 1, 0, -1);
			set @udcount = 0;
			SELECT @udcount = count(FormSeq) FROM uc_ren_main WHERE FormSeq = 218
			IF(@udcount = 0)
				INSERT INTO uc_ren_main(FormSeq,OpRenType,OpRenTypeKz,OpRenTypeEz,OpRenTypeDa,OpRenTypeKs,OpTkcodFrom,OpTkcodTo,OpOutZeroEn,OpGassan,OpUpdType,OpOldRenType)
				VALUES (218, 0, 1, 1, 1, 0, 0, 0, 1, 1, 0, -1);
			set @udcount = 0;
			SELECT @udcount = count(FormSeq) FROM uc_ren_main WHERE FormSeq = 219
			IF(@udcount = 0)
				INSERT INTO uc_ren_main(FormSeq,OpRenType,OpRenTypeKz,OpRenTypeEz,OpRenTypeDa,OpRenTypeKs,OpTkcodFrom,OpTkcodTo,OpOutZeroEn,OpGassan,OpUpdType,OpOldRenType)
				VALUES (219, 0, 1, 1, 1, 0, 0, 0, 1, 1, 0, -1);
			set @udcount = 0;
			SELECT @udcount = count(FormSeq) FROM uc_ren_main WHERE FormSeq = 220
			IF(@udcount = 0)
				INSERT INTO uc_ren_main(FormSeq,OpRenType,OpRenTypeKz,OpRenTypeEz,OpRenTypeDa,OpRenTypeKs,OpTkcodFrom,OpTkcodTo,OpOutZeroEn,OpGassan,OpUpdType,OpOldRenType)
				VALUES (220, 0, 1, 1, 1, 0, 0, 0, 1, 1, 0, -1);

			-- uc_inf_sonota_item
			set @udcount = 0;
			SELECT @udcount = count(FormSeq) FROM uc_inf_sonota_item WHERE FormSeq = 206
			IF(@udcount = 0)
				INSERT INTO uc_inf_sonota_item(FormSeq,ItemName) VALUES (206, '項目');
			set @udcount = 0;
			SELECT @udcount = count(FormSeq) FROM uc_inf_sonota_item WHERE FormSeq = 207
			IF(@udcount = 0)
				INSERT INTO uc_inf_sonota_item(FormSeq,ItemName) VALUES (207, '項目');
			set @udcount = 0;
			SELECT @udcount = count(FormSeq) FROM uc_inf_sonota_item WHERE FormSeq = 208
			IF(@udcount = 0)
				INSERT INTO uc_inf_sonota_item(FormSeq,ItemName) VALUES (208, '項目');
			set @udcount = 0;
			SELECT @udcount = count(FormSeq) FROM uc_inf_sonota_item WHERE FormSeq = 209
			IF(@udcount = 0)
				INSERT INTO uc_inf_sonota_item(FormSeq,ItemName) VALUES (209, '項目');
			set @udcount = 0;
			SELECT @udcount = count(FormSeq) FROM uc_inf_sonota_item WHERE FormSeq = 210
			IF(@udcount = 0)
				INSERT INTO uc_inf_sonota_item(FormSeq,ItemName) VALUES (210, '項目');
			set @udcount = 0;
			SELECT @udcount = count(FormSeq) FROM uc_inf_sonota_item WHERE FormSeq = 211
			IF(@udcount = 0)
				INSERT INTO uc_inf_sonota_item(FormSeq,ItemName) VALUES (211, '項目');
			set @udcount = 0;
			SELECT @udcount = count(FormSeq) FROM uc_inf_sonota_item WHERE FormSeq = 212
			IF(@udcount = 0)
				INSERT INTO uc_inf_sonota_item(FormSeq,ItemName) VALUES (212, '項目');
			set @udcount = 0;
			SELECT @udcount = count(FormSeq) FROM uc_inf_sonota_item WHERE FormSeq = 213
			IF(@udcount = 0)
				INSERT INTO uc_inf_sonota_item(FormSeq,ItemName) VALUES (213, '項目');
			set @udcount = 0;
			SELECT @udcount = count(FormSeq) FROM uc_inf_sonota_item WHERE FormSeq = 214
			IF(@udcount = 0)
				INSERT INTO uc_inf_sonota_item(FormSeq,ItemName) VALUES (214, '項目');
			set @udcount = 0;
			SELECT @udcount = count(FormSeq) FROM uc_inf_sonota_item WHERE FormSeq = 215
			IF(@udcount = 0)
				INSERT INTO uc_inf_sonota_item(FormSeq,ItemName) VALUES (215, '項目');
			set @udcount = 0;
			SELECT @udcount = count(FormSeq) FROM uc_inf_sonota_item WHERE FormSeq = 216
			IF(@udcount = 0)
				INSERT INTO uc_inf_sonota_item(FormSeq,ItemName) VALUES (216, '項目');
			set @udcount = 0;
			SELECT @udcount = count(FormSeq) FROM uc_inf_sonota_item WHERE FormSeq = 217
			IF(@udcount = 0)
				INSERT INTO uc_inf_sonota_item(FormSeq,ItemName) VALUES (217, '項目');
			set @udcount = 0;
			SELECT @udcount = count(FormSeq) FROM uc_inf_sonota_item WHERE FormSeq = 218
			IF(@udcount = 0)
				INSERT INTO uc_inf_sonota_item(FormSeq,ItemName) VALUES (218, '項目');
			set @udcount = 0;
			SELECT @udcount = count(FormSeq) FROM uc_inf_sonota_item WHERE FormSeq = 219
			IF(@udcount = 0)
				INSERT INTO uc_inf_sonota_item(FormSeq,ItemName) VALUES (219, '項目');
			set @udcount = 0;
			SELECT @udcount = count(FormSeq) FROM uc_inf_sonota_item WHERE FormSeq = 220
			IF(@udcount = 0)
				INSERT INTO uc_inf_sonota_item(FormSeq,ItemName) VALUES (220, '項目');
		end
END
GO

BEGIN
		----------------
		--	ver7->8(2/2)
		----------------

		SET NOCOUNT ON;

  		-- Insert statements for procedure here
		set @uchiver = -1
		select @uchiver = vers from vtbl where type=1001 AND objname='DBUchiwake'

		if( @uchiver = 7 ) begin
			-- uc_lst_kamoku.IkkatuValに対応する様式シーケンスの一括金額をコピーする
			UPDATE uc_lst_kamoku SET IkkatuVal = OpIkkatuVal FROM uc_lst_kamoku INNER JOIN uc_inf_sub as tbl1 ON uc_lst_kamoku.FormSeq = tbl1.FormSeq WHERE uc_lst_kamoku.IkkatuVal is null
			
			-- uc_lst_address.IkkatuVal（得意先）に貸付金及び受取利息の内訳書の一括金額をコピーする（table_version8時点において、得意先の一括金額を行うのは貸付金及び受取利息の内訳書のみの為)
			-- WHERE GrSeq = 3の3はID_ADDRESSGR_URI
			UPDATE uc_lst_address SET IkkatuVal = OpIkkatuVal FROM uc_lst_address INNER JOIN uc_inf_sub as tbl1 ON tbl1.FormSeq = 5 WHERE GrSeq = 3 AND uc_lst_address.IkkatuVal is null
			
			-- uc_lst_address.IkkatuVal（仕入先）に支払手形の内訳書一括金額をコピーする（table_version8時点において、仕入先の一括金額を行うは支払手形の内訳書のみの為)
			-- WHERE GrSeq = 10の10はID_ADDRESSGR_KAI
			UPDATE uc_lst_address SET IkkatuVal = OpIkkatuVal FROM uc_lst_address INNER JOIN uc_inf_sub as tbl1 ON tbl1.FormSeq = 9  WHERE GrSeq = 10 AND uc_lst_address.IkkatuVal is null

			-- vtbl
			DELETE vtbl WHERE type=1001 AND objname='DBUchiwake'
			INSERT INTO vtbl (type, objname, vers) VALUES (1001, 'DBUchiwake', 8)

			set @uchiver = 8
		end
END
GO

BEGIN
		-- uc_lst_kamoku.IkkatuValに対応する様式シーケンスの一括金額をコピーする
		UPDATE uc_lst_kamoku SET IkkatuVal = OpIkkatuVal FROM uc_lst_kamoku INNER JOIN uc_inf_sub as tbl1 ON uc_lst_kamoku.FormSeq = tbl1.FormSeq WHERE uc_lst_kamoku.IkkatuVal is null

		-- uc_lst_address.IkkatuVal（得意先）に貸付金及び受取利息の内訳書の一括金額をコピーする（table_version8時点において、得意先の一括金額を行うのは貸付金及び受取利息の内訳書のみの為)
		-- WHERE GrSeq = 3の3はID_ADDRESSGR_URI
		UPDATE uc_lst_address SET IkkatuVal = OpIkkatuVal FROM uc_lst_address INNER JOIN uc_inf_sub as tbl1 ON tbl1.FormSeq = 5 WHERE GrSeq = 3 AND uc_lst_address.IkkatuVal is null

		-- uc_lst_address.IkkatuVal（仕入先）に支払手形の内訳書一括金額をコピーする（table_version8時点において、仕入先の一括金額を行うは支払手形の内訳書のみの為)
		-- WHERE GrSeq = 10の10はID_ADDRESSGR_KAI
		UPDATE uc_lst_address SET IkkatuVal = OpIkkatuVal FROM uc_lst_address INNER JOIN uc_inf_sub as tbl1 ON tbl1.FormSeq = 9  WHERE GrSeq = 10 AND uc_lst_address.IkkatuVal is null
END
GO

BEGIN
		----------------
		--	ver8->9(1/2)
		----------------

		SET NOCOUNT ON;

		-- Insert statements for procedure here
		set @uchiver = -1
		select @uchiver = vers from vtbl where type=1001 AND objname='DBUchiwake'

		if( @uchiver = 8 ) begin
			-- uc_inf_ver
			UPDATE uc_inf_ver SET Version = 9 WHERE Seq = 1
		end
END
GO

BEGIN
		----------------
		--	ver8->9(2/2)
		----------------

		SET NOCOUNT ON;

		-- Insert statements for procedure here
		set @uchiver = -1
		select @uchiver = vers from vtbl where type=1001 AND objname='DBUchiwake'

		if( @uchiver = 8 ) begin
			-- uc_lst_kamoku.PrSignに初期値(0)をセットする
			UPDATE uc_lst_kamoku SET PrSign = 0

			-- No.160608 様式切替時、「全て空行です」のメッセージを表示しないようにしたことに伴う対応
			-- 全て空行の内訳書データは削除する

			SET NOCOUNT ON;

			-- ①預貯金等の内訳書
			-- 空白、累計、頁計、保管以外の件数を取得
			set @udcount = 0
			select @udcount = count(seq) from uc_011_yotyokin where FgFunc<>0 AND FgFunc<>14 AND FgFunc<>15 AND FgShow<>1
			-- 上記以外のデータが無ければ、保管以外のデータを削除する
			if( @udcount = 0 ) begin
			delete from uc_011_yotyokin where FgShow<>1
			end

			-- ②：受取手形の内訳書
			set @udcount = 0
			select @udcount = count(seq) from uc_021_uketoritegata where FgFunc<>0 AND FgFunc<>14 AND FgFunc<>15 AND FgShow<>1
			if( @udcount = 0 ) begin
			delete from uc_021_uketoritegata where FgShow<>1
			end

			-- ③：売掛金の内訳書
			set @udcount = 0
			select @udcount = count(seq) from uc_031_urikakekin where FgFunc<>0 AND FgFunc<>14 AND FgFunc<>15 AND FgShow<>1
			if( @udcount = 0 ) begin
			delete from uc_031_urikakekin where FgShow<>1
			end

			-- ④‐１：仮払金の内訳書
			set @udcount = 0
			select @udcount = count(seq) from uc_041_karibarai where FgFunc<>0 AND FgFunc<>14 AND FgFunc<>15 AND FgShow<>1
			if( @udcount = 0 ) begin
			delete from uc_041_karibarai where FgShow<>1
			end

			-- ④‐２：貸付金及び受取利息の内訳書
			set @udcount = 0
			select @udcount = count(seq) from uc_042_kasituke where FgFunc<>0 AND FgFunc<>14 AND FgFunc<>15 AND FgShow<>1
			if( @udcount = 0 ) begin
			delete from uc_042_kasituke where FgShow<>1
			end

			-- ⑤：棚卸資産の内訳書
			set @udcount = 0
			select @udcount = count(seq) from uc_051_tanaoroshi where FgFunc<>0 AND FgFunc<>14 AND FgFunc<>15 AND FgShow<>1
			if( @udcount = 0 ) begin
			delete from uc_051_tanaoroshi where FgShow<>1
			end

			-- ⑤：棚卸資産の内訳書（欄外）
			set @udcount = 0
			select @udcount = count(seq) from uc_052_tanaoroshi2 where FgFunc<>0 AND FgFunc<>14 AND FgFunc<>15 AND FgShow<>1
			if( @udcount = 0 ) begin
			delete from uc_052_tanaoroshi2
			end

			-- ⑥：有価証券の内訳書
			set @udcount = 0
			select @udcount = count(seq) from uc_061_yuukasyouken where FgFunc<>0 AND FgFunc<>14 AND FgFunc<>15 AND FgShow<>1
			if( @udcount = 0 ) begin
			delete from uc_061_yuukasyouken where FgShow<>1
			end

			-- ⑦：固定資産の内訳書
			set @udcount = 0
			select @udcount = count(seq) from uc_071_koteishisan where FgFunc<>0 AND FgFunc<>14 AND FgFunc<>15 AND FgShow<>1
			if( @udcount = 0 ) begin
			delete from uc_071_koteishisan where FgShow<>1
			end

			-- ⑧：支払手形の内訳書
			set @udcount = 0
			select @udcount = count(seq) from uc_081_siharaitegata where FgFunc<>0 AND FgFunc<>14 AND FgFunc<>15 AND FgShow<>1
			if( @udcount = 0 ) begin
			delete from uc_081_siharaitegata where FgShow<>1
			end

			-- ⑨：買掛金の内訳書
			set @udcount = 0
			select @udcount = count(seq) from uc_091_kaikakekin where FgFunc<>0 AND FgFunc<>14 AND FgFunc<>15 AND FgShow<>1
			if( @udcount = 0 ) begin
			delete from uc_091_kaikakekin where FgShow<>1
			end

			-- ⑨：買掛金の内訳書（欄外）
			set @udcount = 0
			select @udcount = count(seq) from uc_092_kaikakekin2 where FgFunc<>0 AND FgFunc<>14 AND FgFunc<>15 AND FgShow<>1
			if( @udcount = 0 ) begin
			delete from uc_092_kaikakekin2
			end

			-- ⑩‐１：仮受金の内訳書
			set @udcount = 0
			select @udcount = count(seq) from uc_101_kariukekin where FgFunc<>0 AND FgFunc<>14 AND FgFunc<>15 AND FgShow<>1
			if( @udcount = 0 ) begin
			delete from uc_101_kariukekin where FgShow<>1
			end

			-- ⑩‐２：源泉所得税預り金の内訳書
			set @udcount = 0
			select @udcount = count(seq) from uc_102_gensen where FgFunc<>0 AND FgFunc<>14 AND FgFunc<>15 AND FgShow<>1
			if( @udcount = 0 ) begin
			delete from uc_102_gensen where FgShow<>1
			end

			-- ⑪：借入金及び支払利子の内訳書
			set @udcount = 0
			select @udcount = count(seq) from uc_111_kariirekin where FgFunc<>0 AND FgFunc<>14 AND FgFunc<>15 AND FgShow<>1
			if( @udcount = 0 ) begin
			delete from uc_111_kariirekin where FgShow<>1
			end

			-- ⑫：土地の売上高等の内訳書
			set @udcount = 0
			select @udcount = count(seq) from uc_121_totiuriage where FgFunc<>0 AND FgFunc<>14 AND FgFunc<>15 AND FgShow<>1
			if( @udcount = 0 ) begin
			delete from uc_121_totiuriage where FgShow<>1
			end

			-- ⑬：売上高等の事業所別内訳書
			set @udcount = 0
			select @udcount = count(seq) from uc_131_uriagedaka where FgFunc<>0 AND FgFunc<>14 AND FgFunc<>15 AND FgShow<>1
			if( @udcount = 0 ) begin
			delete from uc_131_uriagedaka where FgShow<>1
			end

			-- ⑭‐１：役員報酬手当等の内訳書
			set @udcount = 0
			select @udcount = count(seq) from uc_141_yakuin where FgFunc<>0 AND FgFunc<>14 AND FgFunc<>15 AND FgShow<>1
			if( @udcount = 0 ) begin
			delete from uc_141_yakuin where FgShow<>1
			end

			-- ⑭‐２：人件費の内訳書
			set @udcount = 0
			select @udcount = count(seq) from uc_142_jinkenhi where FgFunc<>0 AND FgFunc<>14 AND FgFunc<>15 AND FgShow<>1
			if( @udcount = 0 ) begin
			delete from uc_142_jinkenhi where FgShow<>1
			end

			-- ⑮‐１：地代家賃等の内訳書
			set @udcount = 0
			select @udcount = count(seq) from uc_151_tidaiyatin where FgFunc<>0 AND FgFunc<>14 AND FgFunc<>15 AND FgShow<>1
			if( @udcount = 0 ) begin
			delete from uc_151_tidaiyatin where FgShow<>1
			end

			-- ⑮‐２：権利金等の期中支払の内訳書
			set @udcount = 0
			select @udcount = count(seq) from uc_152_kenrikin where FgFunc<>0 AND FgFunc<>14 AND FgFunc<>15 AND FgShow<>1
			if( @udcount = 0 ) begin
			delete from uc_152_kenrikin where FgShow<>1
			end

			-- ⑮‐３：工業所有権等の使用料の内訳書
			set @udcount = 0
			select @udcount = count(seq) from uc_153_kougyou where FgFunc<>0 AND FgFunc<>14 AND FgFunc<>15 AND FgShow<>1
			if( @udcount = 0 ) begin
			delete from uc_153_kougyou where FgShow<>1
			end

			-- ⑯‐１：雑益等の内訳書
			set @udcount = 0
			select @udcount = count(seq) from uc_161_zatueki where FgFunc<>0 AND FgFunc<>14 AND FgFunc<>15 AND FgShow<>1
			if( @udcount = 0 ) begin
			delete from uc_161_zatueki where FgShow<>1
			end

			-- ⑯‐２：雑損失等の内訳書
			set @udcount = 0
			select @udcount = count(seq) from uc_162_zatuson where FgFunc<>0 AND FgFunc<>14 AND FgFunc<>15 AND FgShow<>1
			if( @udcount = 0 ) begin
			delete from uc_162_zatuson where FgShow<>1
			end

			-- ⑰：その他科目の内訳書１
			set @udcount = 0
			select @udcount = count(seq) from uc_171_sonota1 where FgFunc<>0 AND FgFunc<>14 AND FgFunc<>15 AND FgShow<>1
			if( @udcount = 0 ) begin
			delete from uc_171_sonota1 where FgShow<>1
			end

			-- ⑱：その他科目の内訳書２
			set @udcount = 0
			select @udcount = count(seq) from uc_181_sonota2 where FgFunc<>0 AND FgFunc<>14 AND FgFunc<>15 AND FgShow<>1
			if( @udcount = 0 ) begin
			delete from uc_181_sonota2 where FgShow<>1
			end

			-- vtbl
			DELETE vtbl WHERE type=1001 AND objname='DBUchiwake'
			INSERT INTO vtbl (type, objname, vers) VALUES (1001, 'DBUchiwake', 9)

			set @uchiver = 9
		end
END
GO

BEGIN
		----------------
		--	ver9->10(1/2)
		----------------

		SET NOCOUNT ON;

		-- Insert statements for procedure here
		set @uchiver = -1
		select @uchiver = vers from vtbl where type=1001 AND objname='DBUchiwake'

		if( @uchiver = 9 ) begin
			-- uc_inf_ver
			UPDATE uc_inf_ver SET Version = 10 WHERE Seq = 1
		end
END
GO

BEGIN
		----------------
		--	ver9->10(2/2)
		----------------

		SET NOCOUNT ON;

		-- Insert statements for procedure here
		set @uchiver = -1
		select @uchiver = vers from vtbl where type=1001 AND objname='DBUchiwake'

		if( @uchiver = 9 ) begin

			-- uc_ren_main.OpEdarenに初期値(0)をセットする
			UPDATE uc_ren_main SET OpEdaren = 0 WHERE OpEdaren is null

			-- uc_ren_main.OpKmkname、uc_ren_main.OpF9Updに初期値(0)をセットする
			UPDATE uc_ren_main SET OpKmkname = 0,OpF9Upd = 0 WHERE OpKmkname is null and OpF9Upd is null

			-- uc_inf_yokuki.OpNullClearFg、uc_inf_yokuki.OpNullClearに初期値をセットする
			UPDATE uc_inf_yokuki SET OpNullClearFg = 1,OpNullClear = 0 WHERE OpNullClearFg is null and OpNullClear is null

			-- uc_lst_item_sortテーブルのOrderStr2に初期値をセットする

			-- 銀行のOrderStr2に初期値をセット
			UPDATE uc_lst_item_sort SET OrderStr2 = 'CASE BkOrder WHEN 0 THEN (select max(OrderNum) + 1 from uc_lst_bank) END, (isnull(BkKana1,'') + isnull(BkKana2,'')) COLLATE Japanese_CS_AS_KS_WS ASC, BkKana1 COLLATE Japanese_CS_AS_KS_WS ASC, BkKana2 COLLATE Japanese_CS_AS_KS_WS ASC, BkOrder ASC'
			WHERE FormSeq = 1 AND ItemSeq = 1 and OrderStr2 is null

			UPDATE uc_lst_item_sort SET OrderStr2 = 'CASE AdOrder WHEN 0 THEN (select max(OrderNum) + 1 from uc_lst_bank) END, (isnull(AdKana1,'') + isnull(AdKana2,'')) COLLATE Japanese_CS_AS_KS_WS ASC, AdKana1 COLLATE Japanese_CS_AS_KS_WS ASC, AdKana2 COLLATE Japanese_CS_AS_KS_WS ASC, AdOrder ASC'
			WHERE FormSeq = 13 AND ItemSeq = 2 and OrderStr2 is null

			-- 取引先のOrderStr2に初期値をセット
			UPDATE uc_lst_item_sort SET OrderStr2 = 'CASE AdOrder WHEN 0 THEN (select max(OrderNum) + 1 from uc_lst_address) END, AdKana COLLATE Japanese_CS_AS_KS_WS ASC, AdOrder ASC'
			WHERE ((FormSeq = 2 AND ItemSeq = 1) OR (FormSeq = 3 AND ItemSeq = 2)  OR (FormSeq = 4 AND ItemSeq = 2) OR (FormSeq = 5 AND ItemSeq = 1) OR
			      (FormSeq = 9 AND ItemSeq = 1) OR (FormSeq = 10 AND ItemSeq = 2) OR (FormSeq = 11 AND ItemSeq = 2) OR (FormSeq = 21 AND ItemSeq = 3) OR
			      (FormSeq = 22 AND ItemSeq = 3)) and OrderStr2 is null

			-- 科目のOrderStr2に初期値をセット
			UPDATE uc_lst_item_sort SET OrderStr2 = 'KnKana COLLATE Japanese_CS_AS_KS_WS ASC, KnOrder ASC'
			WHERE ((FormSeq = 1 AND ItemSeq = 2) OR (FormSeq = 2 AND ItemSeq = 8) OR (FormSeq = 3 AND ItemSeq = 1) OR (FormSeq = 4 AND ItemSeq = 1) OR
			      (FormSeq = 6 AND ItemSeq = 1) OR (FormSeq = 7 AND ItemSeq = 1) OR (FormSeq = 10 AND ItemSeq = 1) OR (FormSeq = 11 AND ItemSeq = 1) OR
			      (FormSeq = 12 AND ItemSeq = 3) OR (FormSeq = 13 AND ItemSeq = 1) OR (FormSeq = 14 AND ItemSeq = 1) OR (FormSeq = 18 AND ItemSeq = 1) OR
			      (FormSeq = 21 AND ItemSeq = 1) OR (FormSeq = 22 AND ItemSeq = 1) OR (FormSeq >= 101 AND FormSeq <= 120 AND ItemSeq = 1) OR 
				  (FormSeq >= 201 AND FormSeq <= 220 AND ItemSeq = 1)) AND OrderStr2 is null

			-- 各様式のカナを更新
			-- uc_011_yotyokin (Table update)
			UPDATE uc_011_yotyokin
			SET uc_011_yotyokin.BkKana1 = (CASE WHEN uc_011_yotyokin.BkOrder = 0 THEN NULL ELSE uc_lst_bank.BkKana1 END),
			uc_011_yotyokin.BkKana2 = (CASE WHEN uc_011_yotyokin.BkOrder = 0 THEN NULL ELSE uc_lst_bank.BkKana2 END),
			uc_011_yotyokin.KnKana = uc_lst_Kamoku.KnKana
			FROM uc_011_yotyokin
			LEFT JOIN uc_lst_bank on uc_011_yotyokin.BkOrder = uc_lst_bank.OrderNum
			LEFT JOIN uc_lst_Kamoku on uc_011_yotyokin.KnOrder = uc_lst_Kamoku.KnOrder and uc_lst_Kamoku.FormSeq = 1

			-- uc_021_uketoritegata (Table update)
			UPDATE uc_021_uketoritegata
			SET uc_021_uketoritegata.AdKana = (CASE WHEN uc_021_uketoritegata.AdOrder = 0 THEN NULL ELSE uc_lst_address.AdKana END),
			uc_021_uketoritegata.KnKana = uc_lst_Kamoku.KnKana
			FROM uc_021_uketoritegata
			LEFT JOIN uc_lst_address on uc_021_uketoritegata.AdOrder = uc_lst_address.OrderNum
			LEFT JOIN uc_lst_Kamoku on uc_021_uketoritegata.KnOrder = uc_lst_Kamoku.KnOrder and uc_lst_Kamoku.FormSeq = 2

			-- uc_031_urikakekin (Table update)
			UPDATE uc_031_urikakekin
			SET uc_031_urikakekin.AdKana = (CASE WHEN uc_031_urikakekin.AdOrder = 0 THEN NULL ELSE uc_lst_address.AdKana END),
			uc_031_urikakekin.KnKana = uc_lst_Kamoku.KnKana
			FROM uc_031_urikakekin
			LEFT JOIN uc_lst_address on uc_031_urikakekin.AdOrder = uc_lst_address.OrderNum
			LEFT JOIN uc_lst_Kamoku on uc_031_urikakekin.KnOrder = uc_lst_Kamoku.KnOrder and uc_lst_Kamoku.FormSeq = 3

			-- uc_041_karibarai (Table update)
			UPDATE uc_041_karibarai
			SET uc_041_karibarai.AdKana = (CASE WHEN uc_041_karibarai.AdOrder = 0 THEN NULL ELSE uc_lst_address.AdKana END),
			uc_041_karibarai.KnKana = uc_lst_Kamoku.KnKana
			FROM uc_041_karibarai
			LEFT JOIN uc_lst_address on uc_041_karibarai.AdOrder = uc_lst_address.OrderNum
			LEFT JOIN uc_lst_Kamoku on uc_041_karibarai.KnOrder = uc_lst_Kamoku.KnOrder and uc_lst_Kamoku.FormSeq = 4

			-- uc_042_kasituke (Table update)
			UPDATE uc_042_kasituke
			SET uc_042_kasituke.AdKana = (CASE WHEN uc_042_kasituke.AdOrder = 0 THEN NULL ELSE uc_lst_address.AdKana END)
			FROM uc_042_kasituke
			LEFT JOIN uc_lst_address on uc_042_kasituke.AdOrder = uc_lst_address.OrderNum

			-- uc_051_tanaoroshi (Table update)
			UPDATE uc_051_tanaoroshi
			SET uc_051_tanaoroshi.KnKana = uc_lst_Kamoku.KnKana
			FROM uc_051_tanaoroshi
			LEFT JOIN uc_lst_Kamoku on uc_051_tanaoroshi.KnOrder = uc_lst_Kamoku.KnOrder and uc_lst_Kamoku.FormSeq = 6

			-- uc_061_yuukasyouken (Table update)
			UPDATE uc_061_yuukasyouken
			SET uc_061_yuukasyouken.KnKana = uc_lst_Kamoku.KnKana
			FROM uc_061_yuukasyouken
			LEFT JOIN uc_lst_Kamoku on uc_061_yuukasyouken.KnOrder = uc_lst_Kamoku.KnOrder and uc_lst_Kamoku.FormSeq = 7

			-- uc_081_siharaitegata (Table update)
			UPDATE uc_081_siharaitegata
			SET uc_081_siharaitegata.AdKana = (CASE WHEN uc_081_siharaitegata.AdOrder = 0 THEN NULL ELSE uc_lst_address.AdKana END)
			FROM uc_081_siharaitegata
			LEFT JOIN uc_lst_address on uc_081_siharaitegata.AdOrder = uc_lst_address.OrderNum

			-- uc_091_kaikakekin (Table update)
			UPDATE uc_091_kaikakekin
			SET uc_091_kaikakekin.AdKana = (CASE WHEN uc_091_kaikakekin.AdOrder = 0 THEN NULL ELSE uc_lst_address.AdKana END),
			uc_091_kaikakekin.KnKana = uc_lst_Kamoku.KnKana
			FROM uc_091_kaikakekin
			LEFT JOIN uc_lst_address on uc_091_kaikakekin.AdOrder = uc_lst_address.OrderNum
			LEFT JOIN uc_lst_Kamoku on uc_091_kaikakekin.KnOrder = uc_lst_Kamoku.KnOrder and uc_lst_Kamoku.FormSeq = 10

			-- uc_101_kariukekin (Table update)
			UPDATE uc_101_kariukekin
			SET uc_101_kariukekin.AdKana = (CASE WHEN uc_101_kariukekin.AdOrder = 0 THEN NULL ELSE uc_lst_address.AdKana END),
			uc_101_kariukekin.KnKana = uc_lst_Kamoku.KnKana
			FROM uc_101_kariukekin
			LEFT JOIN uc_lst_address on uc_101_kariukekin.AdOrder = uc_lst_address.OrderNum
			LEFT JOIN uc_lst_Kamoku on uc_101_kariukekin.KnOrder = uc_lst_Kamoku.KnOrder and uc_lst_Kamoku.FormSeq = 11

			-- uc_102_gensen (Table update)
			UPDATE uc_102_gensen
			SET uc_102_gensen.KnKana = uc_lst_Kamoku.KnKana
			FROM uc_102_gensen
			LEFT JOIN uc_lst_Kamoku on uc_102_gensen.KnOrder = uc_lst_Kamoku.KnOrder and uc_lst_Kamoku.FormSeq = 12

			-- uc_111_kariirekin (Table update)
			UPDATE uc_111_kariirekin
			SET uc_111_kariirekin.AdKana1 = (CASE WHEN uc_111_kariirekin.AdOrder = 0 THEN NULL ELSE uc_lst_bank.BkKana1 END),
			uc_111_kariirekin.AdKana2 = (CASE WHEN uc_111_kariirekin.AdOrder = 0 THEN NULL ELSE uc_lst_bank.BkKana2 END),
			uc_111_kariirekin.KnKana = uc_lst_Kamoku.KnKana
			FROM uc_111_kariirekin
			LEFT JOIN uc_lst_bank on uc_111_kariirekin.AdOrder = uc_lst_bank.OrderNum
			LEFT JOIN uc_lst_Kamoku on uc_111_kariirekin.KnOrder = uc_lst_Kamoku.KnOrder and uc_lst_Kamoku.FormSeq = 13

			-- uc_121_totiuriage (Table update)
			UPDATE uc_121_totiuriage
			SET uc_121_totiuriage.KnKana = uc_lst_Kamoku.KnKana
			FROM uc_121_totiuriage
			LEFT JOIN uc_lst_Kamoku on uc_121_totiuriage.KnOrder = uc_lst_Kamoku.KnOrder and uc_lst_Kamoku.FormSeq = 14

			-- uc_151_tidaiyatin (Table update)
			UPDATE uc_151_tidaiyatin
			SET uc_151_tidaiyatin.KnKana = uc_lst_Kamoku.KnKana
			FROM uc_151_tidaiyatin
			LEFT JOIN uc_lst_Kamoku on uc_151_tidaiyatin.KnOrder = uc_lst_Kamoku.KnOrder and uc_lst_Kamoku.FormSeq = 18

			-- uc_161_zatueki (Table update)
			UPDATE uc_161_zatueki
			SET uc_161_zatueki.AdKana = (CASE WHEN uc_161_zatueki.AdOrder = 0 THEN NULL ELSE uc_lst_address.AdKana END),
			uc_161_zatueki.KnKana = uc_lst_Kamoku.KnKana
			FROM uc_161_zatueki
			LEFT JOIN uc_lst_address on uc_161_zatueki.AdOrder = uc_lst_address.OrderNum
			LEFT JOIN uc_lst_Kamoku on uc_161_zatueki.KnOrder = uc_lst_Kamoku.KnOrder and uc_lst_Kamoku.FormSeq = 21

			-- uc_162_zatuson (Table update)
			UPDATE uc_162_zatuson
			SET uc_162_zatuson.AdKana = (CASE WHEN uc_162_zatuson.AdOrder = 0 THEN NULL ELSE uc_lst_address.AdKana END),
			uc_162_zatuson.KnKana = uc_lst_Kamoku.KnKana
			FROM uc_162_zatuson
			LEFT JOIN uc_lst_address on uc_162_zatuson.AdOrder = uc_lst_address.OrderNum
			LEFT JOIN uc_lst_Kamoku on uc_162_zatuson.KnOrder = uc_lst_Kamoku.KnOrder and uc_lst_Kamoku.FormSeq = 22

			-- uc_171_sonota1 (Table update)
			UPDATE uc_171_sonota1
			SET uc_171_sonota1.KnKana = uc_lst_Kamoku.KnKana
			FROM uc_171_sonota1
			LEFT JOIN uc_lst_Kamoku on uc_171_sonota1.KnOrder = uc_lst_Kamoku.KnOrder and uc_171_sonota1.FormSeq = uc_lst_Kamoku.FormSeq

			-- uc_181_sonota2 (Table update)
			UPDATE uc_181_sonota2
			SET uc_181_sonota2.KnKana = uc_lst_Kamoku.KnKana
			FROM uc_181_sonota2
			LEFT JOIN uc_lst_Kamoku on uc_181_sonota2.KnOrder = uc_lst_Kamoku.KnOrder and uc_181_sonota2.FormSeq = uc_lst_Kamoku.FormSeq
			-- ③売掛金（未収入金）の内訳書、④－１仮払金（前渡金）の内訳書のアイテム名称を変更
			-- 相手先（名称）→ 相手先
			UPDATE uc_lst_item_sort
			SET ItemName = '相手先'
			FROM uc_lst_item_sort
			WHERE (FormSeq = 3 AND ItemSeq = 2) OR (FormSeq = 4 AND ItemSeq = 2)

			-- vtbl
			DELETE vtbl WHERE type=1001 AND objname='DBUchiwake'
			INSERT INTO vtbl (type, objname, vers) VALUES (1001, 'DBUchiwake', 10)

			set @uchiver = 10

		end
END
GO
